eventId,title,startDate,address,imageUrl
17G8vOG65SvaSph,Undercover Legends of Rock,2025-02-01 20:00:00,"1 Blvd du Casino, GATINEAU, Quebec, Canada",https://s1.ticketm.net/dam/a/12d/91bd5a60-ac04-4601-8d73-99456c65c12d_SOURCE
1Ad7ZbpGkHb1JjP,Soirée Motown & Disco avec Michelle Sweeney,2025-02-01 20:30:00,"463 Sainte-Catherine Ouest, Montreal, Quebec, Canada",https://s1.ticketm.net/dam/a/f06/b8d573dc-4eb6-4547-be65-4dbaedb70f06_SOURCE
1Ad7ZbpGkROQNWz,Baynk 'senescence' Usa/Canada Tour 2025,2025-02-01 20:00:00,"305, rue Ste-Catherine Ouest, Montreal, Quebec, Canada",https://s1.ticketm.net/dam/a/b3b/c02faf95-0b33-47b5-9b4b-5bcceb0a6b3b_SOURCE
16sZkk974ZA8k51G,Soirée Musico-théâtrale : Liberté ,2025-02-02 15:00:00,"463 Sainte-Catherine Ouest, Montreal, Quebec, Canada",https://s1.ticketm.net/dam/e/e5d/8bf7cf6b-0282-4f3f-b861-5e2158f98e5d_SOURCE
1Ad7ZbKGkloCgpC,Kerry King,2025-02-02 19:00:00,"1004 Sainte-Catherine Street East, Montreal, Quebec, Canada",https://s1.ticketm.net/dam/a/544/2099bd06-482a-44a2-a441-18301210e544_SOURCE
1AsZk70GkdOxxW4,Soccer Mommy,2025-02-02 20:00:00,"2490 Rue Notre-Dame Ouest , Montreal, Quebec, Canada",https://s1.ticketm.net/dam/a/641/d77a5f4e-8de3-40a3-9149-43e72f24e641_SOURCE
LvZ18_-O_jaVXke1R1iC_,DONOVAN WOODS,2025-02-02 20:00:00,"179 Jean-Talon Ouest, Montreal, Quebec, Canada",https://s1.ticketm.net/dam/a/62a/d7769fbe-8063-4c5f-94d8-380ea1ee662a_SOURCE
1Ad7ZbpGkBDuf8s,070 Shake: The Petrichor Tour,2025-02-04 20:00:00,"59 Rue Sainte-Catherine Est, Montreal, Quebec, Canada",https://s1.ticketm.net/dam/a/045/d03b4359-1c49-42fc-892e-ff5c10905045_SOURCE
1Ad7ZbpGkH7PAsL,Les Concerts Jazz Cabaret Chic,2025-02-05 19:00:00,"463 Sainte-Catherine Ouest, Montreal, Quebec, Canada",https://s1.ticketm.net/dam/a/3f3/d23b2c5e-0aeb-45ad-8d4f-7bfb428f83f3_SOURCE
1AsZkk7GkdxGN0I,"""tripleS Come True"" World Tour in Montreal",2025-02-05 19:30:00,"59 Rue Sainte-Catherine Est, Montreal, Quebec, Canada",https://s1.ticketm.net/dam/a/d26/5efc4815-cb88-4ffb-a6a8-23e49cb98d26_TABLET_LANDSCAPE_LARGE_16_9.jpg
LvZ18_iuJzJYNcOZcdmTe,GEORDIE GREEP,2025-02-05 20:00:00,"5240 Avenue du Parc, Montreal, Quebec, Canada",https://s1.ticketm.net/dam/a/643/52303973-050b-4cb7-8240-062aed6cd643_SOURCE
LvZ18_s_BCcCiKOZc5YN-,GEORDIE GREEP,2025-02-05 20:00:00,"5240 Avenue du Parc, Montreal, Quebec, Canada",https://s1.ticketm.net/dam/a/643/52303973-050b-4cb7-8240-062aed6cd643_SOURCE
1Ad7ZbxGkUnboLm,Chayce Beckham - Bad For Me Tour Canada 2025,2025-02-06 20:00:00,"2490 Rue Notre-Dame Ouest , Montreal, Quebec, Canada",https://s1.ticketm.net/dam/a/cbc/6af47d72-9e81-4dd6-bbcb-dfbd6abbacbc_SOURCE
1AsZkAbGkd-qf6Q,Chayce Beckham - Déplacé au THÉÂTRE BEANFIELD,2025-02-06 20:00:00,"59 Rue Sainte-Catherine Est, Montreal, Quebec, Canada",https://s1.ticketm.net/dam/a/cbc/6af47d72-9e81-4dd6-bbcb-dfbd6abbacbc_SOURCE
1kG8v-kZGAuRJsX,Passion Céline - L'ultime hommage à Céline Dion,2025-02-06 20:30:00,"972 Rue Saint-Jean , Quebec, Quebec, Canada",https://s1.ticketm.net/dam/a/083/0a22114f-2b2b-4949-a12c-a848030d7083_SOURCE
LvZ18_YOL1lBzdOZclQjb,îLESONIQ présente MUZZ,2025-02-06 21:00:00,"1403 Rue Sainte Elisabeth, Montreal, Quebec, Canada",https://s1.ticketm.net/dam/a/999/da40e97a-cb60-42b2-8b14-73480b824999_SOURCE
17G8vOG65IOygH3,Tramp of the Century - Breakfast in America,2025-02-07 20:30:00,"972 Rue Saint-Jean , Quebec, Quebec, Canada",https://s1.ticketm.net/dam/a/a61/cf8e810e-b0e1-41b9-ad6d-603631d84a61_SOURCE
17G8vOG6GR5jeDJ,DJADJA ET DINAZ,2025-02-07 20:00:00,"1004 Sainte-Catherine Street East, Montreal, Quebec, Canada",https://s1.ticketm.net/dam/a/146/6b3df6f7-d167-4df5-a474-15835b8b2146_SOURCE
1Ad7ZbfGkl7XwiL,ATLiens - Leaving The World Behind Tour,2025-02-07 22:00:00,"59 Rue Sainte-Catherine Est, Montreal, Quebec, Canada",https://s1.ticketm.net/dam/a/418/89aad0b4-40b8-40e1-9dd7-6cdf8b4a6418_SOURCE
1Ad7ZbpGkHblUqp,HABANA NIGHTS avec Carlos Placeres,2025-02-07 20:30:00,"463 Sainte-Catherine Ouest, Montreal, Quebec, Canada",https://s1.ticketm.net/dam/a/62b/aa0c8acd-eb4d-4733-ac0e-f20d8405f62b_SOURCE
1AsZkA0GkePO-MG,Undercover Legends of Rock,2025-02-07 19:30:00,"1, avenue du Casino, Montreal, Quebec, Canada",https://s1.ticketm.net/dam/a/12d/91bd5a60-ac04-4601-8d73-99456c65c12d_SOURCE
1ad7Zb6oJrZZd2Aa,Bruno Pelletier - Miserere : 25e anniversaire,2025-02-07 20:00:00,"1 Blvd du Casino, GATINEAU, Quebec, Canada",https://s1.ticketm.net/dam/a/a96/4f277b04-51ef-4d91-99f8-d8916fd19a96_SOURCE
16sZkvV_EZAGv2kd,Bruno Pelletier - Miserere : 25e anniversaire,2025-02-08 20:00:00,"1 Blvd du Casino, GATINEAU, Quebec, Canada",https://s1.ticketm.net/dam/a/a96/4f277b04-51ef-4d91-99f8-d8916fd19a96_SOURCE
1Ad7ZbfGkRkjKFp,Glam Rock Show,2025-02-08 20:30:00,"972 Rue Saint-Jean , Quebec, Quebec, Canada",https://s1.ticketm.net/dam/e/dba/94d6dd85-4160-4b72-aab3-f83433608dba_TABLET_LANDSCAPE_LARGE_16_9.jpg
1AsZkAaGkd863ny,"UNCLE ACID AND THE DEADBEATS ""NELL' ORA BLU""",2025-02-08 20:00:00,"59 Rue Sainte-Catherine Est, Montreal, Quebec, Canada",https://s1.ticketm.net/dam/a/8f4/163a8fdd-2dab-4fc0-97a5-5f457b69c8f4_SOURCE
1AsZkAgGkdUu4IZ,Best of Soul Pop Disco & Dance avec ViBzBand,2025-02-08 20:30:00,"463 Sainte-Catherine Ouest, Montreal, Quebec, Canada",https://s1.ticketm.net/dam/a/0c8/a1885f65-91fb-42db-befe-4ad054d9b0c8_SOURCE
LvZ18_PrvLaqbtOZcH_LW,AHMED SOULTAN ''ATLAS TOUR'',2025-02-08 20:00:00,"5240 Avenue du Parc, Montreal, Quebec, Canada",https://s1.ticketm.net/dam/c/779/d4bc7e11-1b50-4aa4-a2be-0a21569f5779_106531_TABLET_LANDSCAPE_LARGE_16_9.jpg
1Ad7ZbfGkmtZx94,Toro y Moi & Panda Bear with guest Nourished by Time,2025-02-11 20:00:00,"59 Rue Sainte-Catherine Est, Montreal, Quebec, Canada",https://s1.ticketm.net/dam/a/b2e/20189844-fd5a-4515-8caf-c59db02eab2e_SOURCE
1Ad7ZbpGkwna3LY,Decapitated,2025-02-11 18:30:00,"2490 Rue Notre-Dame Ouest , Montreal, Quebec, Canada",https://s1.ticketm.net/dam/a/358/6af824a7-b757-4fdf-a23e-2bed9c8d1358_SOURCE
17G8vOG6G9PM7JW,Apocalyptica Plays Metallica Vol. 2 Tour,2025-02-12 19:30:00,"59 Rue Sainte-Catherine Est, Montreal, Quebec, Canada",https://s1.ticketm.net/dam/a/45a/d4a7a43f-b2ea-4a00-b8f3-681e5d65845a_SOURCE
1Ad7ZbxGkTtp7Fd,Les Concerts Jazz Cabaret Chic,2025-02-12 19:00:00,"463 Sainte-Catherine Ouest, Montreal, Quebec, Canada",https://s1.ticketm.net/dam/a/3f3/d23b2c5e-0aeb-45ad-8d4f-7bfb428f83f3_SOURCE
1AsZkvyGkeJ-e9o,Steve Hill,2025-02-12 20:00:00,"6000 Boulevard Rome, Brossard, Quebec, Canada",https://s1.ticketm.net/dam/a/4e1/142a6b49-e74e-44c1-8481-f6b6d40424e1_SOURCE
1Ad7ZbkGkTlr0bm,Beyries,2025-02-13 20:00:00,"9200 Boulevard Leduc, Brossard, Quebec, Canada",https://s1.ticketm.net/dam/a/84e/6b95ba42-7cfa-44ed-abdb-a10daa78184e_SOURCE
1Ad7Zb4GkYo_kKA,Illusion Floyd - Dark side of the wall,2025-02-14 20:30:00,"972 Rue Saint-Jean , Quebec, Quebec, Canada",https://s1.ticketm.net/dam/e/bcc/74a3d689-0a58-4061-834d-03117ab23bcc_TABLET_LANDSCAPE_LARGE_16_9.jpg
1Ad7ZbpGkHQoJON,"Jazz, Love & Soul - Queens of Jazz avec Pamela King",2025-02-14 20:30:00,"463 Sainte-Catherine Ouest, Montreal, Quebec, Canada",https://s1.ticketm.net/dam/e/cff/73a6fb49-e2d5-4585-af82-ea6e080fdcff_TABLET_LANDSCAPE_LARGE_16_9.jpg
1Ad7ZbpGkXlzNec,Nessa Barrett - Aftercare Tour,2025-02-14 20:00:00,"2490 Rue Notre-Dame Ouest , Montreal, Quebec, Canada",https://s1.ticketm.net/dam/a/6a4/8c2b2e78-9bf0-42f2-8fea-bb24d29e16a4_SOURCE
1AsZkA0Gkdkex--,Boogie Wonder Band - La tournée Disco Honey,2025-02-14 19:30:00,"1, avenue du Casino, Montreal, Quebec, Canada",https://s1.ticketm.net/dam/a/e10/945ca784-e1db-4d71-a42b-025bb1b35e10_SOURCE
1kG8v-r_GA2h9ry,Rafaelle Roy,2025-02-14 20:00:00,"9200 Boulevard Leduc, Brossard, Quebec, Canada",https://s1.ticketm.net/dam/c/060/c5c08e7a-9912-456c-a060-2758be94e060_105881_TABLET_LANDSCAPE_LARGE_16_9.jpg
1Ad7Zb4GklbAfdB,Illusion Floyd - Dark side of the wall,2025-02-15 19:30:00,"1, avenue du Casino, Montreal, Quebec, Canada",https://s1.ticketm.net/dam/e/f14/f50f0df7-ebad-43a4-ae4a-e51a4d13af14_TABLET_LANDSCAPE_LARGE_16_9.jpg
1Ad7ZbKGkyuWYzC,Lou-Adriane Cassidy - Journal d'un Loup-garou,2025-02-15 20:00:00,"972 Rue Saint-Jean , Quebec, Quebec, Canada",https://s1.ticketm.net/dam/a/4c2/175b9136-dc30-4cdb-90f4-6115b0bff4c2_SOURCE
1Ad7ZboGkUg0NWK,CCR Reborn - La Revue Musicale,2025-02-15 20:00:00,"1 Blvd du Casino, GATINEAU, Quebec, Canada",https://s1.ticketm.net/dam/a/f35/a1850419-58e7-481d-a602-e11ceb329f35_SOURCE
1Ad7ZbpGkHh7p-M,"Les meilleurs hits Soul, Motown, Disco avec Freddie James Project",2025-02-15 20:30:00,"463 Sainte-Catherine Ouest, Montreal, Quebec, Canada",https://s1.ticketm.net/dam/a/b16/0417b9a1-85ba-4952-b1a6-3e927458fb16_SOURCE
1AsZk7VGkdpS49W,"SILVERSTEIN ""25 YEARS OF NOISE""						",2025-02-15 19:00:00,"1004 Sainte-Catherine Street East, Montreal, Quebec, Canada",https://s1.ticketm.net/dam/a/aa5/72d2b1f2-b6ff-49a7-9266-b2602352aaa5_SOURCE
1AsZkvUGkd4y0wi,Marilou,2025-02-15 20:00:00,"9200 Boulevard Leduc, Brossard, Quebec, Canada",https://s1.ticketm.net/dam/c/0d2/1201f713-3288-4790-854a-ae42895450d2_105931_TABLET_LANDSCAPE_LARGE_16_9.jpg
1kG8v-4MGA5yoAw,Peach Pit - The Magpie Tour 2025 Canada,2025-02-15 20:00:00,"59 Rue Sainte-Catherine Est, Montreal, Quebec, Canada",https://s1.ticketm.net/dam/a/b74/9442dd51-42b9-428e-998c-4695d321fb74_SOURCE
LvZ18_SyZyWJ0QOZmrT1N,JSTJR,2025-02-15 22:00:00,"1403 Rue Sainte Elisabeth, Montreal, Quebec, Canada",https://s1.ticketm.net/dam/a/730/1ee14886-2b17-41b9-a9c0-299360001730_SOURCE
1kG8vO__GA5_vY8,Bruno Pelletier,2025-02-16 20:00:00,"6000 Boulevard Rome, Brossard, Quebec, Canada",https://s1.ticketm.net/dam/a/a96/4f277b04-51ef-4d91-99f8-d8916fd19a96_SOURCE
17G8vOG62McE42H,Molchat Doma - Molchat Doma Tour 2025,2025-02-17 20:00:00,"59 Rue Sainte-Catherine Est, Montreal, Quebec, Canada",https://s1.ticketm.net/dam/a/de1/dcf23b7c-b56b-45d7-a03d-1f6a96329de1_SOURCE
16sZkAgvaZA5k872,Les Concerts Jazz Cabaret Chic,2025-02-19 19:00:00,"463 Sainte-Catherine Ouest, Montreal, Quebec, Canada",https://s1.ticketm.net/dam/a/3f3/d23b2c5e-0aeb-45ad-8d4f-7bfb428f83f3_SOURCE
1AsZk7YGkdYeVTu,Yuridia - Sin Llorar US + Canada Tour 2025,2025-02-19 20:00:00,"1004 Sainte-Catherine Street East, Montreal, Quebec, Canada",https://s1.ticketm.net/dam/a/8d5/daa8ed40-fe1d-4941-854e-8384300a28d5_SOURCE
1AsZk7yGkd5y7Yy,FOSTER THE PEOPLE - Paradise State of Mind Tour,2025-02-19 20:00:00,"59 Rue Sainte-Catherine Est, Montreal, Quebec, Canada",https://s1.ticketm.net/dam/a/cc3/627dafed-2e23-4c28-9855-6d5e39903cc3_SOURCE
1AsZkAYGkdIqKDl,Cochise,2025-02-19 20:00:00,"305, rue Ste-Catherine Ouest, Montreal, Quebec, Canada",https://s1.ticketm.net/dam/a/f2d/055ac91f-bb8d-45e9-b976-b8c0f4b26f2d_SOURCE
LvZ18_minQzKSuOZ-fdcE,"EIVØR ""NORTH AMERICAN TOUR 2025""",2025-02-19 20:00:00,"5240 Avenue du Parc, Montreal, Quebec, Canada",https://s1.ticketm.net/dam/a/88d/052e2f43-570e-4269-89f7-42db39d2488d_SOURCE
1AsZk7JGkdrxdUA,TIAKOLA - M3LO WORLD TOUR,2025-02-20 20:00:00,"1950 Rue Claude-Gagne, Laval, Quebec, Canada",https://s1.ticketm.net/dam/c/80b/f3cd8d24-c3ae-4fa0-b4bc-1ba99f9b380b_106091_TABLET_LANDSCAPE_LARGE_16_9.jpg
1AsZkAFGkdN83w-,Lou-Adriane Cassidy,2025-02-20 20:00:00,"2490 Rue Notre-Dame Ouest , Montreal, Quebec, Canada",https://s1.ticketm.net/dam/a/4c2/175b9136-dc30-4cdb-90f4-6115b0bff4c2_SOURCE
1AsZkFEGkdOfewS,DAVE SUMMER et invités - Lancement du nouveau mur vidéo,2025-02-20 19:00:00,"59 Rue Sainte-Catherine Est, Montreal, Quebec, Canada",https://s1.ticketm.net/dam/a/9ea/05dd9011-2b37-4920-bf20-0ab05f5039ea_SOURCE
1kG8v-Q6GA1DsGD,Aysanabee,2025-02-20 20:00:00,"305, rue Ste-Catherine Ouest, Montreal, Quebec, Canada",https://s1.ticketm.net/dam/a/ede/7f1e68ee-1a36-40a1-8b49-e1a2265f1ede_SOURCE
G5d7Z9UD1KSRq,Broadway En Lumière,2025-02-20 20:00:00,"6000 Boulevard Rome, Brossard, Quebec, Canada",https://s1.ticketm.net/dam/c/060/c5c08e7a-9912-456c-a060-2758be94e060_105881_TABLET_LANDSCAPE_LARGE_16_9.jpg
LvZ18_SzT2z_KGZZ-XeHe,KLIPTIC,2025-02-20 22:00:00,"1403 Rue Sainte Elisabeth, Montreal, Quebec, Canada",https://s1.ticketm.net/dam/c/df8/81eadad8-4449-412e-a2b1-3d8bbb78edf8_106181_TABLET_LANDSCAPE_LARGE_16_9.jpg
LvZ18_YOCNhG2X8Z-f-Ze,KLANGPHONICS,2025-02-20 20:00:00,"5240 Avenue du Parc, Montreal, Quebec, Canada",https://s1.ticketm.net/dam/c/df8/81eadad8-4449-412e-a2b1-3d8bbb78edf8_106181_TABLET_LANDSCAPE_LARGE_16_9.jpg
LvZ18_sZL_YH54OZ-yV7t,VLADIMIR CAUCHEMAR,2025-02-20 21:00:00,"1195 Boulevard Saint-Laurent, Montreal, Quebec, Canada",https://s1.ticketm.net/dam/c/df8/81eadad8-4449-412e-a2b1-3d8bbb78edf8_106181_TABLET_LANDSCAPE_LARGE_16_9.jpg
17G8vOG65vy_3OD,SLIMANE - World Tour,2025-02-21 20:00:00,"972 Rue Saint-Jean , Quebec, Quebec, Canada",https://s1.ticketm.net/dam/a/86f/d57a4c6b-c062-46ee-a14f-ae37491c086f_SOURCE
1Ad7ZbFGklb0Voi,La Compagnie Créole,2025-02-21 19:30:00,"1, avenue du Casino, Montreal, Quebec, Canada",https://s1.ticketm.net/dam/a/263/3c696af1-9ead-4e79-8f3b-1f5b0114d263_SOURCE
1Ad7ZbpGkHhWJxz,SOIRÉE FLAMENCA avec Mirada Flamenco,2025-02-21 20:30:00,"463 Sainte-Catherine Ouest, Montreal, Quebec, Canada",https://s1.ticketm.net/dam/a/548/4304b29e-3cd9-4fb9-a44c-a582871f0548_SOURCE
1AsZk79GkdY57IN,Lou-Adriane Cassidy,2025-02-21 20:00:00,"2490 Rue Notre-Dame Ouest , Montreal, Quebec, Canada",https://s1.ticketm.net/dam/a/4c2/175b9136-dc30-4cdb-90f4-6115b0bff4c2_SOURCE
1AsZkA4Gkd5i3cs,Mezerg,2025-02-21 20:00:00,"305, rue Ste-Catherine Ouest, Montreal, Quebec, Canada",https://s1.ticketm.net/dam/a/5f3/5af4ffcd-f8f2-4548-9bc3-596d428935f3_SOURCE
LvZ18_SmRXJmf0YZxNdZ1,NEMAHSIS,2025-02-21 20:00:00,"1225, boul Saint-Laurent, Montreal, Quebec, Canada",https://s1.ticketm.net/dam/a/33e/6ef1efec-311a-4afa-97aa-7a181b77d33e_SOURCE
LvZ18_mEcEujd3Zw4jKNs,"MILD MINDS ""2025 TOUR""",2025-02-21 20:00:00,"179 Jean-Talon Ouest, Montreal, Quebec, Canada",https://s1.ticketm.net/dam/a/de4/c72288cc-a1c3-4949-a747-01f1dfb77de4_SOURCE
11G8vOOtapAov5,Jay Scøtt,2025-02-22 20:00:00,"9200 Boulevard Leduc, Brossard, Quebec, Canada",https://s1.ticketm.net/dam/a/186/52e4e834-05f0-4125-973d-1322c1b2e186_SOURCE
16d7Zb9b3G7wgzl,Brunch Gospel avec Sandra Étienne & The Colours Choir,2025-02-22 12:30:00,"463 Sainte-Catherine Ouest, Montreal, Quebec, Canada",https://s1.ticketm.net/dam/a/235/91473f27-9159-46ae-ac4a-0b9999e82235_SOURCE
17G8vOG61T1EeYq,Slimane,2025-02-22 20:00:00,"1004 Sainte-Catherine Street East, Montreal, Quebec, Canada",https://s1.ticketm.net/dam/a/86f/d57a4c6b-c062-46ee-a14f-ae37491c086f_SOURCE
17G8vOG6CV46NxE,Parabolus - Complete Tool Experience,2025-02-22 20:00:00,"972 Rue Saint-Jean , Quebec, Quebec, Canada",https://s1.ticketm.net/dam/c/fbc/b293c0ad-c904-4215-bc59-8d7f2414dfbc_106141_TABLET_LANDSCAPE_LARGE_16_9.jpg
1Ad7Zb9GkDVF48t,Unbound,2025-02-22 19:30:00,"1 Blvd du Casino, GATINEAU, Quebec, Canada",https://s1.ticketm.net/dam/e/ed6/0d0b7e8b-e521-486a-b4c2-9adabc9a9ed6_TABLET_LANDSCAPE_LARGE_16_9.jpg
1Ad7ZbFGklbJ0oX,La Compagnie Créole,2025-02-22 19:30:00,"1, avenue du Casino, Montreal, Quebec, Canada",https://s1.ticketm.net/dam/a/263/3c696af1-9ead-4e79-8f3b-1f5b0114d263_SOURCE
1Ad7ZbFGklbPVoV,La Compagnie Créole,2025-02-22 15:00:00,"1, avenue du Casino, Montreal, Quebec, Canada",https://s1.ticketm.net/dam/a/263/3c696af1-9ead-4e79-8f3b-1f5b0114d263_SOURCE
1Ad7ZbbGkUPDxMg,Medjy,2025-02-22 20:00:00,"1950 Rue Claude-Gagne, Laval, Quebec, Canada",https://s1.ticketm.net/dam/a/079/62d34871-a02d-4476-9ed8-4ae0a83c3079_TABLET_LANDSCAPE_LARGE_16_9.jpg
1AsZk7pGkdnRKAJ,Pedro Capo,2025-02-22 20:00:00,"305, rue Ste-Catherine Ouest, Montreal, Quebec, Canada",https://s1.ticketm.net/dam/a/5a3/ccb0d70a-da54-46f4-be67-1cfe5aacc5a3_SOURCE
1AsZkAdGkdx2kc6,Maggots - Hommage À Slipknot,2025-02-22 20:00:00,"2490 Rue Notre-Dame Ouest , Montreal, Quebec, Canada",https://s1.ticketm.net/dam/a/8dd/1d9af918-6633-43a5-9115-2f4f863ac8dd_SOURCE
1AsZkAgGkdzRPlA,L'Ultime Soirée Disco Chic,2025-02-22 20:30:00,"463 Sainte-Catherine Ouest, Montreal, Quebec, Canada",https://s1.ticketm.net/dam/a/d01/5cb01496-1393-4297-b165-86bc05c48d01_SOURCE
LvZ18_SS90J5NjZjK-SAT,WHAT SO NOT,2025-02-22 22:00:00,"1403 Rue Sainte Elisabeth, Montreal, Quebec, Canada",https://s1.ticketm.net/dam/a/439/ab332a26-d61d-47bb-af1c-f0e4001f5439_SOURCE
LvZ18_ShIIAg7jYZ-hJsb,EARTHSIDE,2025-02-22 19:30:00,"179 Jean-Talon Ouest, Montreal, Quebec, Canada",https://s1.ticketm.net/dam/c/fbc/b293c0ad-c904-4215-bc59-8d7f2414dfbc_106141_TABLET_LANDSCAPE_LARGE_16_9.jpg
LvZ18_wAFOSvcLOZ-s6cZ,SONREAL,2025-02-23 20:00:00,"179 Jean-Talon Ouest, Montreal, Quebec, Canada",https://s1.ticketm.net/dam/a/4f2/4a1fa5d4-5d8a-4839-a631-5588be3214f2_SOURCE
rZ7HnEZ1Afe98N,"Skyzoo with Spark Houston, Kong, Odballers, Slap & Mic Murphy",2025-02-23 19:30:00,"4483 St Laurent Blvd, Montreal, Quebec, Canada",https://s1.ticketm.net/dam/a/79b/d1a57134-982b-48de-a3bd-933321b4179b_SOURCE
11G8vx1__IAPv8,Cameron Whitcomb: The Quitter Tour,2025-02-24 20:00:00,"2490 Rue Notre-Dame Ouest , Montreal, Quebec, Canada",https://s1.ticketm.net/dam/a/954/9c9d8307-52e3-4f66-ae04-80ae6f2f4954_SOURCE
LvZ18_nayrfiDF8Zcq5_H,CAMERON WHITCOMB ''QUITTER TOUR'',2025-02-24 20:00:00,"2490 Rue Notre-Dame Ouest , Montreal, Quebec, Canada",https://s1.ticketm.net/dam/a/954/9c9d8307-52e3-4f66-ae04-80ae6f2f4954_SOURCE
LvZ18_wCW5SnU9ZZcl-Y-,THROWN,2025-02-24 19:30:00,"5240 Avenue du Parc, Montreal, Quebec, Canada",https://s1.ticketm.net/dam/a/b16/fb3e0c4d-1127-4ae9-879a-819e96543b16_SOURCE
LvZ18_gGBizBco8Zc3I7Z,WITHIN DESTRUCTION,2025-02-25 19:00:00,"87 rue Sainte-Catherine Est, Montreal, Quebec, Canada",https://s1.ticketm.net/dam/a/da2/af8c7e71-06d3-4288-bfd9-98844337ada2_SOURCE
16sZkAgvaZA2k8Av,Les Concerts Jazz Cabaret Chic,2025-02-26 19:00:00,"463 Sainte-Catherine Ouest, Montreal, Quebec, Canada",https://s1.ticketm.net/dam/a/3f3/d23b2c5e-0aeb-45ad-8d4f-7bfb428f83f3_SOURCE
1AsZkAvGkd0j70Y,Thierry Eliez - An Acoustic Tribute To Emerson Lake And Palmer,2025-02-26 20:00:00,"305, rue Ste-Catherine Ouest, Montreal, Quebec, Canada",https://s1.ticketm.net/dam/a/bc0/010ffb45-7752-46c7-a038-ac7c78956bc0_SOURCE
LvZ18_YD25QfHS8Z-hY9W,ABORTED,2025-02-26 19:00:00,"5240 Avenue du Parc, Montreal, Quebec, Canada",https://s1.ticketm.net/dam/a/db8/01eb1c1d-ff62-441a-a11a-71197c9dddb8_SOURCE
16d7Zb90kG7Tb3A,Eric Lapointe,2025-02-27 20:00:00,"1004 Sainte-Catherine Street East, Montreal, Quebec, Canada",https://s1.ticketm.net/dam/a/9a9/631db771-2a8e-44b2-afef-dedb6fd859a9_SOURCE
1Ad7Zb9GkMEOg36,Make Them Suffer,2025-02-27 19:00:00,"2490 Rue Notre-Dame Ouest , Montreal, Quebec, Canada",https://s1.ticketm.net/dam/a/a42/67ba8915-9cb0-45af-8bff-3284a47cfa42_SOURCE
1Ad7ZbkGkTi47Q_,Sara Dufour,2025-02-27 20:00:00,"9200 Boulevard Leduc, Brossard, Quebec, Canada",https://s1.ticketm.net/dam/a/8ec/e77e9f25-c8b9-4971-8a32-41cae86428ec_SOURCE
1AsZkA0Gken5-Xz,Jonathan Roy,2025-02-27 20:00:00,"59 Rue Sainte-Catherine Est, Montreal, Quebec, Canada",https://s1.ticketm.net/dam/a/a3f/a1b32eda-826a-4742-aff4-1671df2a4a3f_SOURCE
1AsZkAYGkeytwOs,Septicflesh,2025-02-27 19:15:00,"305, rue Ste-Catherine Ouest, Montreal, Quebec, Canada",https://s1.ticketm.net/dam/a/798/0029dcd0-21c0-44aa-bdb9-594ad529b798_SOURCE
1AsZkFYGkdR676E,Les légendes du Blues,2025-02-27 20:30:00,"463 Sainte-Catherine Ouest, Montreal, Quebec, Canada",https://s1.ticketm.net/dam/a/d50/de409257-0d61-4f18-bf44-58e8b6f52d50_TABLET_LANDSCAPE_LARGE_16_9.jpg
16sZkvJo9ZAuv1ud,Bruno Pelletier - Miserere - 25e anniversaire,2025-02-28 20:30:00,"972 Rue Saint-Jean , Quebec, Quebec, Canada",https://s1.ticketm.net/dam/a/a96/4f277b04-51ef-4d91-99f8-d8916fd19a96_SOURCE
1Ad7ZbpGkz2uJv0,Jamie Fine - If This Is It...Tour,2025-02-28 20:00:00,"305, rue Ste-Catherine Ouest, Montreal, Quebec, Canada",https://s1.ticketm.net/dam/a/cab/c07f9877-61e0-4447-9e82-831f790b7cab_SOURCE
1AsZk74GkeXmwQQ,Flashback to the 80s – Édition ROCK!,2025-02-28 19:30:00,"1, avenue du Casino, Montreal, Quebec, Canada",https://s1.ticketm.net/dam/e/df2/7237fb9e-5026-492e-8e72-4b5c9676adf2_SOURCE
1AsZkAdGkdCspxy,Flore Laurentienne,2025-02-28 20:00:00,"463 Saint-Catherine Ouest, Montreal, Quebec, Canada",https://s1.ticketm.net/dam/a/8c2/0245fe04-761a-43a8-90e2-cfd70c2ae8c2_SOURCE
1AsZkAgGkdM-Pne,Hommage à Buena Vista Social Club,2025-02-28 20:30:00,"463 Sainte-Catherine Ouest, Montreal, Quebec, Canada",https://s1.ticketm.net/dam/a/0b9/ee207864-cd75-45f3-bb31-fc127cc8a0b9_SOURCE
1AsZkAoGkdkqSDL,Leif Vollebekk,2025-02-28 20:00:00,"59 Rue Sainte-Catherine Est, Montreal, Quebec, Canada",https://s1.ticketm.net/dam/a/9fc/5edf3ffd-5a86-4d8d-886f-e92b204dd9fc_SOURCE
G5d7Z9UrfXwkK,Marie Carmen,2025-02-28 20:00:00,"9200 Boulevard Leduc, Brossard, Quebec, Canada",https://s1.ticketm.net/dam/a/029/adce66af-814d-478c-b829-543c59f18029_SOURCE
16d7Zb9fdG7DADt,Back to the 80s - Le meilleur des années 80,2025-03-01 20:00:00,"463 Sainte-Catherine Ouest, Montreal, Quebec, Canada",https://s1.ticketm.net/dam/c/4f2/0109888a-61b5-4525-8432-b026ef04f4f2_105631_TABLET_LANDSCAPE_LARGE_16_9.jpg
1Ad7Zb3GkUoBoBw,Peter Bence - Pianosphere,2025-03-01 20:00:00,"1 Blvd du Casino, GATINEAU, Quebec, Canada",https://s1.ticketm.net/dam/e/bf4/9bfe7ad1-c7e9-408a-9de0-93b4c6146bf4_SOURCE
1AsZk74GkeXR3h1,Flashback to the 80s – Édition ROCK!,2025-03-01 19:30:00,"1, avenue du Casino, Montreal, Quebec, Canada",https://s1.ticketm.net/dam/e/d29/685270e6-9724-481d-8eca-9ff533984d29_SOURCE
1AsZkAFGkdiR3Hh,FOLKFEST OF THE NORTH,2025-03-01 18:00:00,"2490 Rue Notre-Dame Ouest , Montreal, Quebec, Canada",https://s1.ticketm.net/dam/a/fd1/9914bffe-10e1-457e-9349-57ca6a136fd1_SOURCE
1AsZkAdGke0RJA9,Faye Webster,2025-03-01 18:00:00,"59 Rue Sainte-Catherine Est, Montreal, Quebec, Canada",https://s1.ticketm.net/dam/a/9e6/41cfe691-6767-46c9-9a73-dd5610e7f9e6_SOURCE
1AsZkvyGkdQEKnt,Phil Lauzon,2025-03-01 20:00:00,"9200 Boulevard Leduc, Brossard, Quebec, Canada",https://s1.ticketm.net/dam/c/677/c58dd0af-cda8-49b2-bdaf-068540c3a677_106541_TABLET_LANDSCAPE_LARGE_16_9.jpg
1AsZkvyGkeI53Qa,Marc Dupré - Ben voyons donc!,2025-03-01 20:00:00,"6000 Boulevard Rome, Brossard, Quebec, Canada",https://s1.ticketm.net/dam/a/8e2/e8001e35-d6bc-44cb-ad04-8f5c12f418e2_SOURCE
1asZkvJob8aZeu2,Bruno Pelletier - Miserere - 25e anniversaire,2025-03-01 20:30:00,"972 Rue Saint-Jean , Quebec, Quebec, Canada",https://s1.ticketm.net/dam/a/a96/4f277b04-51ef-4d91-99f8-d8916fd19a96_SOURCE
LvZ18_VxLC-a4oZZ-RS1e,LIL TEXAS,2025-03-01 22:00:00,"1403 Rue Sainte Elisabeth, Montreal, Quebec, Canada",https://s1.ticketm.net/dam/a/67c/7746bba9-f4ee-4c42-b187-bc135c64367c_SOURCE
LvZ18_wCi7VFZAYZcceQF,"CATCH YOUR BREATH ""THE BROKEN SOULS TOUR""",2025-03-01 18:30:00,"5240 Avenue du Parc, Montreal, Quebec, Canada",https://s1.ticketm.net/dam/c/f50/96fa13be-e395-429b-8558-a51bb9054f50_105951_TABLET_LANDSCAPE_LARGE_16_9.jpg
1AsZk74GkeXRwhp,Flashback to the 80s – Édition ROCK!,2025-03-02 19:30:00,"1, avenue du Casino, Montreal, Quebec, Canada",https://s1.ticketm.net/dam/e/dc2/f1eff42b-bc74-4dba-971f-9588e609adc2_SOURCE
1AsZk7SGkdKbfYQ,Inhaler - Open Wide Tour ,2025-03-02 20:00:00,"59 Rue Sainte-Catherine Est, Montreal, Quebec, Canada",https://s1.ticketm.net/dam/a/ba1/c71098d8-893b-4166-a242-bf8c9c4a5ba1_SOURCE
1kG8vOJFGAuHsNs,Mother Mother with Special Guests Cavetown and Winnetka Bowling League,2025-03-02 19:00:00,"1950 Rue Claude-Gagne, Laval, Quebec, Canada",https://s1.ticketm.net/dam/a/771/58eb5559-dd52-46f0-b84c-361123282771_SOURCE
1Ad7Zb9GknqLxv4,Lime Cordiale - Enough Of The Sweet Talk Tour,2025-03-03 20:00:00,"305, rue Ste-Catherine Ouest, Montreal, Quebec, Canada",https://s1.ticketm.net/dam/a/0c8/fed2d9f6-e069-4124-8b4d-ed9dc4bcd0c8_SOURCE
LvZ18_w08ONLSr8ZcYb3_,LIVE! ON STAGE: JONATHAN RICHMAN featuring TOMMY LARKINS on the drums!,2025-03-04 20:00:00,"4848 St Laurent Blvd, Montreal, Quebec, Canada",https://s1.ticketm.net/dam/c/fbc/b293c0ad-c904-4215-bc59-8d7f2414dfbc_106141_TABLET_LANDSCAPE_LARGE_16_9.jpg
16d7Zb9fAG7VPXJ,Les Concerts Jazz Cabaret Chic,2025-03-05 19:00:00,"463 Sainte-Catherine Ouest, Montreal, Quebec, Canada",https://s1.ticketm.net/dam/a/3f3/d23b2c5e-0aeb-45ad-8d4f-7bfb428f83f3_SOURCE
1Ad7ZbbGkUJnxzW,Kim Dracula & HANABIE.,2025-03-05 18:30:00,"59 Rue Sainte-Catherine Est, Montreal, Quebec, Canada",https://s1.ticketm.net/dam/a/bac/3b47c725-776d-4bda-94df-54bcdd6c7bac_SOURCE
1Ad7ZboGkmSSexN,MARO & NASAYA,2025-03-05 20:00:00,"305, rue Ste-Catherine Ouest, Montreal, Quebec, Canada",https://s1.ticketm.net/dam/a/1e8/2879d84a-216a-4da4-a803-11ae441b11e8_SOURCE
LvZ18_w0o-9XHdYZ-ls_q,LIVE! ON STAGE: JONATHAN RICHMAN featuring TOMMY LARKINS on the drums!,2025-03-05 20:00:00,"4848 St Laurent Blvd, Montreal, Quebec, Canada",https://s1.ticketm.net/dam/c/fbc/b293c0ad-c904-4215-bc59-8d7f2414dfbc_106141_TABLET_LANDSCAPE_LARGE_16_9.jpg
16d7Zbpp4G7wvqj,Le Bingo Show Avec Rainbow,2025-03-06 20:00:00,"9200 Boulevard Leduc, Brossard, Quebec, Canada",https://s1.ticketm.net/dam/c/060/c5c08e7a-9912-456c-a060-2758be94e060_105881_TABLET_LANDSCAPE_LARGE_16_9.jpg
16sZkApxvZAGe75C,IGLOOPASSE - INVENTAIRE ÉPUISÉ,2025-03-06,"250 boulevard Wilfrid Hamel, Quebec, Quebec, Canada",https://s1.ticketm.net/dam/a/42d/c034e997-4160-46b0-aac5-131183df042d_SOURCE
17G8vOG617bggxO,Abbamania,2025-03-06 20:30:00,"972 Rue Saint-Jean , Quebec, Quebec, Canada",https://s1.ticketm.net/dam/a/e85/690e9d49-974d-4059-95b0-d874b51c2e85_SOURCE
1Ad7Zb3GkwdieHo,Elliot Maginot,2025-03-06 20:00:00,"305, rue Ste-Catherine Ouest, Montreal, Quebec, Canada",https://s1.ticketm.net/dam/a/130/605a69a1-a124-40d1-a3e9-1721c3e9f130_SOURCE
1Ad7ZbkGkUAp-FD,Elliot Maginot - Déplacé/moved to Studio TD,2025-03-06 20:00:00,"2490 Rue Notre-Dame Ouest , Montreal, Quebec, Canada",https://s1.ticketm.net/dam/a/130/605a69a1-a124-40d1-a3e9-1721c3e9f130_SOURCE
1Ad7ZbpGkU2W-gf,IGLOOFEST - TIËSTO,2025-03-06 19:00:00,"250 boulevard Wilfrid Hamel, Quebec, Quebec, Canada",https://s1.ticketm.net/dam/a/42d/c034e997-4160-46b0-aac5-131183df042d_SOURCE
1AsZkk8GkeJdogt,Thievery Corporation,2025-03-06 20:00:00,"59 Rue Sainte-Catherine Est, Montreal, Quebec, Canada",https://s1.ticketm.net/dam/a/fca/d05a5a51-ae00-4847-a06c-2dee6c2c0fca_SOURCE
LvZ18_Sat3lqAg8ZcLS6n,WOLF PARADE,2025-03-06 20:30:00,"179 Jean-Talon Ouest, Montreal, Quebec, Canada",https://s1.ticketm.net/dam/a/ee4/e6e81e11-83eb-43b2-a235-f8c0859f3ee4_SOURCE
16d7Zb9fkG7RPTw,Le Grand Hommage à Nina Simone avec Nadia Theobal,2025-03-07 20:30:00,"463 Sainte-Catherine Ouest, Montreal, Quebec, Canada",https://s1.ticketm.net/dam/a/68f/a8de0dfc-c892-4177-9865-edd2d5cc368f_SOURCE
17G8vOG617bMPxx,Abbamania,2025-03-07 20:30:00,"972 Rue Saint-Jean , Quebec, Quebec, Canada",https://s1.ticketm.net/dam/a/e85/690e9d49-974d-4059-95b0-d874b51c2e85_SOURCE
1Ad7Zb4GkD4cfPC,Souldia - Lancement d'album,2025-03-07 20:00:00,"59 Rue Sainte-Catherine Est, Montreal, Quebec, Canada",https://s1.ticketm.net/dam/a/240/8f88907a-abdc-4eb6-8232-e816d535c240_SOURCE
1Ad7ZbfGknqYvV-,Noche,2025-03-07 20:00:00,"305, rue Ste-Catherine Ouest, Montreal, Quebec, Canada",https://s1.ticketm.net/dam/a/901/363bc7b1-81e7-49f3-9cdd-a6c96d0f1901_SOURCE
1Ad7ZbpGkU86vgH,IGLOOFEST - MISS MONIQUE,2025-03-07 19:00:00,"250 boulevard Wilfrid Hamel, Quebec, Quebec, Canada",https://s1.ticketm.net/dam/a/42d/c034e997-4160-46b0-aac5-131183df042d_SOURCE
1AsZkvyGkemi3O0,Paul Piche,2025-03-07 20:00:00,"6000 Boulevard Rome, Brossard, Quebec, Canada",https://s1.ticketm.net/dam/a/2de/11de6ca8-4638-4922-bf5f-848569e202de_SOURCE
1kG8v-uyGACHwYs,Francis Degrandpré,2025-03-07 20:00:00,"9200 Boulevard Leduc, Brossard, Quebec, Canada",https://s1.ticketm.net/dam/c/677/c58dd0af-cda8-49b2-bdaf-068540c3a677_106541_TABLET_LANDSCAPE_LARGE_16_9.jpg
LvZ18_Y8HrA5GwZZcKn6h,MILK & BONE,2025-03-07 20:00:00,"1195 Boulevard Saint-Laurent, Montreal, Quebec, Canada",https://s1.ticketm.net/dam/a/61b/ab957b29-a0ee-4343-ab46-945bde54b61b_SOURCE
16sZkAPJZZAGeaC2,Cordae - The Crossroads Tour,2025-03-08 20:00:00,"2490 Rue Notre-Dame Ouest , Montreal, Quebec, Canada",https://s1.ticketm.net/dam/a/78c/59c0f559-a292-4d01-b543-f377abae978c_SOURCE
17G8vOG617byAx0,Abbamania,2025-03-08 20:30:00,"972 Rue Saint-Jean , Quebec, Quebec, Canada",https://s1.ticketm.net/dam/a/e85/690e9d49-974d-4059-95b0-d874b51c2e85_SOURCE
17G8vOG61rad-1G,Le country de nos idoles,2025-03-08 19:30:00,"1, avenue du Casino, Montreal, Quebec, Canada",https://s1.ticketm.net/dam/a/5f7/63c2f9ff-2532-4a35-adaa-6d89544845f7_SOURCE
1Ad7Zb4Gkl8dNUB,Illusion Floyd - Dark side of the wall,2025-03-08 20:00:00,"1 Blvd du Casino, GATINEAU, Quebec, Canada",https://s1.ticketm.net/dam/e/3e1/3f888b23-4dd0-4773-aa6c-4b915f0543e1_TABLET_LANDSCAPE_LARGE_16_9.jpg
1Ad7ZbfGkcgxsdn,Vincent Lima,2025-03-08 19:30:00,"305, rue Ste-Catherine Ouest, Montreal, Quebec, Canada",https://s1.ticketm.net/dam/a/8c7/2b252f98-0a09-4fad-b219-956f042d48c7_SOURCE
1Ad7ZbpGkR7fN3M,Mononc' Serge & Anonymus,2025-03-08 20:00:00,"9200 Boulevard Leduc, Brossard, Quebec, Canada",https://s1.ticketm.net/dam/a/10f/fe5122c2-e690-46d3-9e66-f2bf4376910f_SOURCE
1Ad7ZbpGkU82vUN,IGLOOFEST - deadmau5,2025-03-08 19:00:00,"250 boulevard Wilfrid Hamel, Quebec, Quebec, Canada",https://s1.ticketm.net/dam/a/42d/c034e997-4160-46b0-aac5-131183df042d_SOURCE
1AsZkA3Gkd_7fIP,Christian Marc Gendron,2025-03-08 20:00:00,"6000 Boulevard Rome, Brossard, Quebec, Canada",https://s1.ticketm.net/dam/a/b3f/55c7feac-f40f-405c-b327-154c776aab3f_SOURCE
1AsZkAUGkdTtgxf,Women of Soul avec Sylvie DesGroseilliers,2025-03-08 20:30:00,"463 Sainte-Catherine Ouest, Montreal, Quebec, Canada",https://s1.ticketm.net/dam/a/40b/d603ac5c-388b-486b-86df-61404918340b_SOURCE
1kG8v-ftGACueNg,bbno$: it's pronounced baby no money,2025-03-08 20:00:00,"59 Rue Sainte-Catherine Est, Montreal, Quebec, Canada",https://s1.ticketm.net/dam/a/da1/e07b609e-6f3d-4e4a-807b-f686a1556da1_SOURCE
LvZ18_MscRRAUFZZ-IXl3,LAURENCE GUY,2025-03-08 22:00:00,"1403 Rue Sainte Elisabeth, Montreal, Quebec, Canada",https://s1.ticketm.net/dam/c/df8/81eadad8-4449-412e-a2b1-3d8bbb78edf8_106181_TABLET_LANDSCAPE_LARGE_16_9.jpg
17G8vOG61ra7-1o,Le country de nos idoles,2025-03-09 16:00:00,"1, avenue du Casino, Montreal, Quebec, Canada",https://s1.ticketm.net/dam/a/5f7/63c2f9ff-2532-4a35-adaa-6d89544845f7_SOURCE
1AsZkAdGkd8NJNU,Imminence,2025-03-09 19:30:00,"1004 Sainte-Catherine Street East, Montreal, Quebec, Canada",https://s1.ticketm.net/dam/a/774/d75a20fc-a046-41cb-942e-d516b6cd6774_SOURCE
G5d7Z9Emlm-wA,La Compagnie Creole,2025-03-09 15:00:00,"6000 Boulevard Rome, Brossard, Quebec, Canada",https://s1.ticketm.net/dam/a/263/3c696af1-9ead-4e79-8f3b-1f5b0114d263_SOURCE
1Ad7ZbbGknAdv7Y,KRAFTWERK MULTIMEDIA TOUR 2025-50 YEARS OF AUTOBAHN-platine officiels,2025-03-10 20:00:00,"175 Rue Sainte-Catherine Ouest, Montreal, Quebec, Canada",https://s1.ticketm.net/dam/a/048/e282b952-3403-4211-ae73-ca6519f1e048_SOURCE
1Ad7ZbbGknPsvUS,Kraftwerk,2025-03-10 20:00:00,"175 Rue Sainte-Catherine Ouest, Montreal, Quebec, Canada",https://s1.ticketm.net/dam/a/048/e282b952-3403-4211-ae73-ca6519f1e048_SOURCE
1AsZk7VGkenUdsY,Our Lady Peace: 30th Anniversary Tour,2025-03-10 19:00:00,"1950 Rue Claude-Gagne, Laval, Quebec, Canada",https://s1.ticketm.net/dam/a/35e/64401b63-6db2-49ea-8f6c-2e9b83c7f35e_SOURCE
LvZ18_RUPhPM_iYgfnwoZ,FRIKO,2025-03-10 20:00:00,"179 Jean-Talon Ouest, Montreal, Quebec, Canada",https://s1.ticketm.net/dam/a/0cf/2f10dac6-13fc-4b73-a5a7-8d6a28ca80cf_SOURCE
1Ad7Zb4GkTCpKwT,Buena Vista Orchestra,2025-03-11 20:00:00,"59 Rue Sainte-Catherine Est, Montreal, Quebec, Canada",https://s1.ticketm.net/dam/a/f82/03f5f2b8-60e5-43d1-9ebd-2eabedc71f82_SOURCE
1AsZkAJGkdWZNPO,Steeve Diamond présente : BOCELLI & FRIENDS,2025-03-11 14:00:00,"1, avenue du Casino, Montreal, Quebec, Canada",https://s1.ticketm.net/dam/a/ac7/38829128-e9e8-47a2-b491-b8285378eac7_SOURCE
1Ad7Zb3GkRDa76Y,An Evening With DREAM THEATER - Platine Officiels,2025-03-12 19:30:00,"175 Rue Sainte-Catherine Ouest, Montreal, Quebec, Canada",https://s1.ticketm.net/dam/a/33a/f5a8b491-032d-4dc0-a145-80a4c58fc33a_SOURCE
1Ad7ZbxGkTt97F1,Les Concerts Jazz Cabaret Chic,2025-03-12 19:00:00,"463 Sainte-Catherine Ouest, Montreal, Quebec, Canada",https://s1.ticketm.net/dam/a/3f3/d23b2c5e-0aeb-45ad-8d4f-7bfb428f83f3_SOURCE
1AsZk7FGkdGrpsn,MANU KATCHE,2025-03-12 20:00:00,"305, rue Ste-Catherine Ouest, Montreal, Quebec, Canada",https://s1.ticketm.net/dam/a/7b0/437ddded-26b8-4618-bb65-8c77d3ede7b0_SOURCE
1AsZk7aGkeY5Krj,Steeve Diamond présente : BOCELLI & FRIENDS + CHOEUR,2025-03-12 19:30:00,"1, avenue du Casino, Montreal, Quebec, Canada",https://s1.ticketm.net/dam/a/ac7/38829128-e9e8-47a2-b491-b8285378eac7_SOURCE
1AsZk7aGkelKK5q,Steeve Diamond présente : BOCELLI & FRIENDS + CHOEUR,2025-03-12 14:00:00,"1, avenue du Casino, Montreal, Quebec, Canada",https://s1.ticketm.net/dam/a/ac7/38829128-e9e8-47a2-b491-b8285378eac7_SOURCE
1AsZkA-GkdCK0Fg,Knock2: nolimit TOUR,2025-03-12 20:00:00,"59 Rue Sainte-Catherine Est, Montreal, Quebec, Canada",https://s1.ticketm.net/dam/a/235/61b4015b-beb2-436b-88d8-192556e3e235_SOURCE
1asZkApP-G_Ze8u,The Plot In You: North America 2025,2025-03-12 19:00:00,"2490 Rue Notre-Dame Ouest , Montreal, Quebec, Canada",https://s1.ticketm.net/dam/a/ae4/0c7ae4dd-a0a1-4e3f-88ec-649fa9f34ae4_SOURCE
16d7Zb4pKG7ysEe,Guitar Story 2.0,2025-03-13 19:30:00,"1, avenue du Casino, Montreal, Quebec, Canada",https://s1.ticketm.net/dam/a/e6d/a91e736a-4df1-4c56-a832-8833f1fa1e6d_SOURCE
1Ad7ZbfGkIdVfg9,Ben Böhmer - Bloom Live North America Tour,2025-03-13 21:00:00,"59 Rue Sainte-Catherine Est, Montreal, Quebec, Canada",https://s1.ticketm.net/dam/a/145/a44f413b-5f8d-403e-9f87-a818576f3145_SOURCE
1Ad7ZbkGkTcofja,Joe Bocan,2025-03-13 20:00:00,"9200 Boulevard Leduc, Brossard, Quebec, Canada",https://s1.ticketm.net/dam/a/d6f/ac5145bd-4b78-482c-854f-b27b24fa9d6f_SOURCE
1AsZkA0GkdjcSZL,CCR Reborn - La Revue Musicale,2025-03-13 20:30:00,"972 Rue Saint-Jean , Quebec, Quebec, Canada",https://s1.ticketm.net/dam/a/f35/a1850419-58e7-481d-a602-e11ceb329f35_SOURCE
LvZ18_R6AvXXDp8Z-WDLY,"JACK KAYS ""WASHED UP DRIED OUT""",2025-03-13 20:00:00,"179 Jean-Talon Ouest, Montreal, Quebec, Canada",https://s1.ticketm.net/dam/a/e7c/5744af78-a29e-401c-9b00-1900f09b6e7c_SOURCE
16d7Zbpq4G7g8DQ,Flashback to The 80s,2025-03-14 20:30:00,"972 Rue Saint-Jean , Quebec, Quebec, Canada",https://s1.ticketm.net/dam/a/514/d62ad26f-6b8f-4f32-8f93-e5076b5ce514_SOURCE
1Ad7Zb4GkXo2oSv,"THEORY OF A DEADMAN 'UNPLUGGED' with Special Guest, Jeff Martin",2025-03-14 20:00:00,"2490 Rue Notre-Dame Ouest , Montreal, Quebec, Canada",https://s1.ticketm.net/dam/a/718/d2e39e69-d949-4680-96a3-b903279dd718_SOURCE
1Ad7ZbfGkIdV0gq,Ben Böhmer - Bloom Live North America Tour,2025-03-14 21:00:00,"59 Rue Sainte-Catherine Est, Montreal, Quebec, Canada",https://s1.ticketm.net/dam/a/145/a44f413b-5f8d-403e-9f87-a818576f3145_SOURCE
1AsZkA0Gkel5wZB,Busty and the Bass,2025-03-14 20:00:00,"305, rue Ste-Catherine Ouest, Montreal, Quebec, Canada",https://s1.ticketm.net/dam/a/1fc/06ee69b1-2223-4d65-aff5-3d36f2f481fc_SOURCE
1AsZkA4GkesNe8j,Guitar Story 2.0,2025-03-14 20:00:00,"1 Blvd du Casino, GATINEAU, Quebec, Canada",https://s1.ticketm.net/dam/a/e6d/a91e736a-4df1-4c56-a832-8833f1fa1e6d_SOURCE
1AsZkAUGkei6der,Hommage à Buena Vista Social Club,2025-03-14 20:30:00,"463 Sainte-Catherine Ouest, Montreal, Quebec, Canada",https://s1.ticketm.net/dam/a/0b9/ee207864-cd75-45f3-bb31-fc127cc8a0b9_SOURCE
LvZ18_wfMl6nMQe7jf69m,HAZLETT,2025-03-14 19:30:00,"179 Jean-Talon Ouest, Montreal, Quebec, Canada",https://s1.ticketm.net/dam/a/c06/c21ec7bb-76d7-4b29-a2e1-84a8b60adc06_SOURCE
16d7Zbpq4G7UYDr,Flashback to The 80s,2025-03-15 20:30:00,"972 Rue Saint-Jean , Quebec, Quebec, Canada",https://s1.ticketm.net/dam/a/514/d62ad26f-6b8f-4f32-8f93-e5076b5ce514_SOURCE
17G8vOG659OFf2y,Palace - USA & Canada 2025,2025-03-15 20:00:00,"2490 Rue Notre-Dame Ouest , Montreal, Quebec, Canada",https://s1.ticketm.net/dam/a/c21/4a9b5472-0a87-4b34-93e8-295c55d82c21_SOURCE
1AsZk7tGkeNBvh-,The Red Clay Strays,2025-03-15 20:00:00,"59 Rue Sainte-Catherine Est, Montreal, Quebec, Canada",https://s1.ticketm.net/dam/a/ef4/2263785f-6071-4eaa-8790-ac6f67718ef4_SOURCE
1AsZkAUGkec9K7C,"Les meilleurs hits Soul, Motown, Disco avec Freddie James Project",2025-03-15 20:30:00,"463 Sainte-Catherine Ouest, Montreal, Quebec, Canada",https://s1.ticketm.net/dam/a/b16/0417b9a1-85ba-4952-b1a6-3e927458fb16_SOURCE
LvZ18_U5zFS_f2YZ-26vx,îLESONIQ présente it's murph,2025-03-15 22:00:00,"5240 Avenue du Parc, Montreal, Quebec, Canada",https://s1.ticketm.net/dam/a/a8a/6ec869b7-4fe5-4c53-8190-bff795b73a8a_SOURCE
16d7Zbb3AG7ns8y,Nemra - En tournée au Canada 2025,2025-03-16 19:30:00,"2490 Rue Notre-Dame Ouest , Montreal, Quebec, Canada",https://s1.ticketm.net/dam/a/c1e/270be48d-d448-4f54-88df-71ae1bc97c1e_SOURCE
1AsZkAoGkeikS8p,DARKSIDE - PSYCHIC SPIRAL NOTHING TOUR,2025-03-16 20:00:00,"59 Rue Sainte-Catherine Est, Montreal, Quebec, Canada",https://s1.ticketm.net/dam/a/d9d/dee02ed7-4ed0-4d24-a916-c69c1bceed9d_SOURCE
LvZ18_VbIkPQNQ8Z-kG3M,RIKI,2025-03-16 20:00:00,"179 Jean-Talon Ouest, Montreal, Quebec, Canada",https://s1.ticketm.net/dam/a/565/2351a5b9-c795-415d-a2cf-069faf1ef565_SOURCE
LvZ18_sAmu69jOZZ-uRsM,THE HOVVDY TOUR,2025-03-17 20:00:00,"179 Jean-Talon Ouest, Montreal, Quebec, Canada",https://s1.ticketm.net/dam/a/e24/1656f1ab-45a3-4e63-85e6-7b9454b5ee24_SOURCE
1Ad7ZboGkD3EwSH,Role Model with Special Guest Debbii Dawson,2025-03-18 20:00:00,"59 Rue Sainte-Catherine Est, Montreal, Quebec, Canada",https://s1.ticketm.net/dam/a/8ae/934b82fb-1e7a-4208-9d0f-947254d658ae_SOURCE
G5d7Z9MUFDsYK,Led Zeppelin Symphonic,2025-03-18 20:00:00,"1 Blvd du Casino, GATINEAU, Quebec, Canada",https://s1.ticketm.net/dam/e/f49/544bc2f2-eb01-4de4-8cb9-746c3b28af49_TABLET_LANDSCAPE_LARGE_16_9.jpg
LvZ18_SSi2iR0XYZ-a2ZH,"HELMET ""BETTY 30th Anniversary Tour""",2025-03-18 19:00:00,"5240 Avenue du Parc, Montreal, Quebec, Canada",https://s1.ticketm.net/dam/a/e67/6773420c-9d81-4bb3-917e-f62381fb8e67_SOURCE
16d7Zb9fAG7VgXn,Les Concerts Jazz Cabaret Chic,2025-03-19 19:00:00,"463 Sainte-Catherine Ouest, Montreal, Quebec, Canada",https://s1.ticketm.net/dam/a/3f3/d23b2c5e-0aeb-45ad-8d4f-7bfb428f83f3_SOURCE
1Ad7ZbKGkBIC3bt,Oklou,2025-03-19 20:00:00,"305, rue Ste-Catherine Ouest, Montreal, Quebec, Canada",https://s1.ticketm.net/dam/a/523/8ef5d71b-203f-43c8-92ea-6f4ec2911523_SOURCE
1asZkAFZv7UZeCe,Disturbed: The Sickness 25th Anniversary Tour,2025-03-19 18:30:00,"1909 avenue des Canadiens-de-Montréal, Montreal, Quebec, Canada",https://s1.ticketm.net/dam/a/3a4/ad94c45b-ab0d-47c3-9bef-a93aa6d983a4_SOURCE
LvZ18_RkN19QdiZZm8TQj,EMEI,2025-03-19 20:00:00,"179 Jean-Talon Ouest, Montreal, Quebec, Canada",https://s1.ticketm.net/dam/a/964/f73491ac-00d6-4c09-9063-e5637083b964_SOURCE
1AsZk7NGkdpax9V,Megan Moroney - Am I Okay? Tour,2025-03-20 20:00:00,"59 Rue Sainte-Catherine Est, Montreal, Quebec, Canada",https://s1.ticketm.net/dam/a/764/ee04147d-9608-4146-b315-ef52893e3764_SOURCE
1kG8v-qeGA5FJf7,New West North American Tour '25,2025-03-20 20:00:00,"57 rue Prince-Arthur Est., Montreal, Quebec, Canada",https://s1.ticketm.net/dam/a/c57/3fdbb164-61ed-4d7d-8880-9d418030cc57_SOURCE
1Ad7Zb8GkMcR7fj,Wax Tailor - DJ Set - 20th Anniversary,2025-03-21 20:00:00,"305, rue Ste-Catherine Ouest, Montreal, Quebec, Canada",https://s1.ticketm.net/dam/a/548/78454a8a-3dfa-4837-a726-a1f833998548_SOURCE
1Ad7ZbfGkR8LdNQ,Orchestra 2 avec le Beatles Story Band,2025-03-21 20:30:00,"972 Rue Saint-Jean , Quebec, Quebec, Canada",https://s1.ticketm.net/dam/a/124/82cc806f-3250-488d-beb6-1c5183c06124_SOURCE
1AsZkAaGkeILoTr,Stereophonics: Spring Tour 2025,2025-03-21 20:00:00,"2490 Rue Notre-Dame Ouest , Montreal, Quebec, Canada",https://s1.ticketm.net/dam/a/53e/b4c1b1c1-e2d6-4663-af8b-356f4bfe253e_SOURCE
1AsZkFYGkdRn0F-,Edith Piaf Ma Vie En Rose Et Noir,2025-03-21 20:00:00,"463 Sainte-Catherine Ouest, Montreal, Quebec, Canada",https://s1.ticketm.net/dam/a/419/0251e056-ae11-4541-9868-3215fe628419_SOURCE
1AsZkFYGkdmaVkd,Hommage à la musique de Hall & Oates,2025-03-21 20:30:00,"463 Sainte-Catherine Ouest, Montreal, Quebec, Canada",https://s1.ticketm.net/dam/a/85d/d3e69d88-b589-423e-90f7-3e677ae0e85d_TABLET_LANDSCAPE_LARGE_16_9.jpg
LvZ18_Evzcay1jOZcAOSx,DELAIN,2025-03-21 19:30:00,"5240 Avenue du Parc, Montreal, Quebec, Canada",https://s1.ticketm.net/dam/c/fbc/b293c0ad-c904-4215-bc59-8d7f2414dfbc_106141_TABLET_LANDSCAPE_LARGE_16_9.jpg
LvZ18_Ro9ulyzHYZccfrt,MARUJA,2025-03-21 19:30:00,"179 Jean-Talon Ouest, Montreal, Quebec, Canada",https://s1.ticketm.net/dam/c/f50/96fa13be-e395-429b-8558-a51bb9054f50_105951_TABLET_LANDSCAPE_LARGE_16_9.jpg
LvZ18_mifYQGlLOZ-Iz-s,VANSIRE,2025-03-21 20:00:00,"87 rue Sainte-Catherine Est, Montreal, Quebec, Canada",https://s1.ticketm.net/dam/a/948/85bd4412-da8f-4e25-b70e-746de9a47948_SOURCE
1Ad7ZbfGkR9_SlY,Orkisstra avec le groupe Kissed,2025-03-22 20:30:00,"972 Rue Saint-Jean , Quebec, Quebec, Canada",https://s1.ticketm.net/dam/a/a29/63e89adb-4303-45a1-a64f-1d3b15c07a29_SOURCE
1Ad7ZbpGkR2KNJ1,BARELY ALIVE,2025-03-22 22:00:00,"305, rue Ste-Catherine Ouest, Montreal, Quebec, Canada",https://s1.ticketm.net/dam/a/888/39554b13-4150-4b18-bf98-be28f26c7888_SOURCE
1Ad7ZbxGkTNJ0ep,The Mega Dance Chic Party - Les meilleurs hits Soul & Disco,2025-03-22 20:30:00,"463 Sainte-Catherine Ouest, Montreal, Quebec, Canada",https://s1.ticketm.net/dam/a/95c/252e4477-8fc9-4d47-b415-5cc5e006f95c_SOURCE
1AsZk7YGkenywtV,Alcest- Les Chants De L'aurore North American Tour 2025,2025-03-22 19:30:00,"2490 Rue Notre-Dame Ouest , Montreal, Quebec, Canada",https://s1.ticketm.net/dam/a/08c/a68e876a-b712-4df2-986f-e7a0bb85608c_SOURCE
LvZ18_Y8UVf7LdOZxnIzQ,QRION,2025-03-22 22:00:00,"1403 Rue Sainte Elisabeth, Montreal, Quebec, Canada",https://s1.ticketm.net/dam/c/df8/81eadad8-4449-412e-a2b1-3d8bbb78edf8_106181_TABLET_LANDSCAPE_LARGE_16_9.jpg
LvZ18_sLIIya4wZ8WV-NJ,BEAK>,2025-03-22 21:00:00,"5240 Avenue du Parc, Montreal, Quebec, Canada",https://s1.ticketm.net/dam/a/e12/b572a2aa-fe6a-4b35-afdc-3ff0c6c88e12_SOURCE
1Ad7ZbbGkntu-Bs,Whitechapel,2025-03-24 18:30:00,"1004 Sainte-Catherine Street East, Montreal, Quebec, Canada",https://s1.ticketm.net/dam/a/083/09b66b11-82b4-48d0-83d5-9e49d2731083_SOURCE
1AsZkA8Gkdex3Pk,Nathaniel Rateliff & The Night Sweats: South of Here Tour,2025-03-24 19:30:00,"1950 Rue Claude-Gagne, Laval, Quebec, Canada",https://s1.ticketm.net/dam/a/55f/678d5e4d-d7c8-4dd6-954b-6c62c2e2d55f_SOURCE
16d7Zb_ebG7ioOb,THE DECIBEL MAGAZINE TOUR 2025,2025-03-25 18:30:00,"2490 Rue Notre-Dame Ouest , Montreal, Quebec, Canada",https://s1.ticketm.net/dam/a/8ed/61ace348-5b1b-4655-8019-7cdaf1ef58ed_SOURCE
17G8vOG6GrhueVK,Lynda Lemay,2025-03-25 20:00:00,"6000 Boulevard Rome, Brossard, Quebec, Canada",https://s1.ticketm.net/dam/a/b40/915ff3b5-c606-4fab-944d-66dfc9744b40_SOURCE
1AsZkAJGkegosTG,Jelly Roll: Beautifully Broken Tour,2025-03-25 19:00:00,"1950 Rue Claude-Gagne, Laval, Quebec, Canada",https://s1.ticketm.net/dam/a/b77/54242565-7650-411e-be23-7bc9e52a5b77_SOURCE
1AsZkAoGkecFNoR,Confidence Man,2025-03-25 20:00:00,"305, rue Ste-Catherine Ouest, Montreal, Quebec, Canada",https://s1.ticketm.net/dam/a/cec/2d0c8578-5465-4583-9f2e-3c1fe3e98cec_SOURCE
LvZ18_Uo-lHH2d8Z-fFxM,SARAH AND THE SUNDAYS,2025-03-25 20:00:00,"179 Jean-Talon Ouest, Montreal, Quebec, Canada",https://s1.ticketm.net/dam/a/b48/7522a012-f0af-4563-8753-d9e89659bb48_TABLET_LANDSCAPE_LARGE_16_9.jpg
LvZ18_gFOc30AWYZ-dtgI,CHUCK RAGAN,2025-03-25 20:00:00,"87 rue Sainte-Catherine Est, Montreal, Quebec, Canada",https://s1.ticketm.net/dam/c/fbc/b293c0ad-c904-4215-bc59-8d7f2414dfbc_106141_TABLET_LANDSCAPE_LARGE_16_9.jpg
16d7Zb9fAG7g4Xi,Les Concerts Jazz Cabaret Chic,2025-03-26 19:00:00,"463 Sainte-Catherine Ouest, Montreal, Quebec, Canada",https://s1.ticketm.net/dam/a/3f3/d23b2c5e-0aeb-45ad-8d4f-7bfb428f83f3_SOURCE
1Ad7ZbpGkUhNe41,The Damn Truth,2025-03-26 20:00:00,"59 Rue Sainte-Catherine Est, Montreal, Quebec, Canada",https://s1.ticketm.net/dam/a/a8e/f6e98199-1618-46a1-9379-8b8bb7c8fa8e_SOURCE
1AsZk7SGkd0TP6I,Bedouin Soundclash - 20 Years of Sounding A Mosaic,2025-03-26 20:00:00,"305, rue Ste-Catherine Ouest, Montreal, Quebec, Canada",https://s1.ticketm.net/dam/a/19a/eb35c65d-130c-4b41-b72d-723db083a19a_SOURCE
1kG8v-_zGAGw-t6,Jelly Roll : Beautifully Broken Tour,2025-03-26 19:00:00,"250 boulevard Wilfrid-Hamel, Quebec, Quebec, Canada",https://s1.ticketm.net/dam/a/b77/54242565-7650-411e-be23-7bc9e52a5b77_SOURCE
LvZ18_YD56fQ2EOZ-twjd,TWAIN + ESTHER ROSE,2025-03-26 20:00:00,"179 Jean-Talon Ouest, Montreal, Quebec, Canada",https://s1.ticketm.net/dam/a/d45/6d0a5376-525f-47b5-b9a0-29c1410aad45_SOURCE
LvZ18_wnacEDCWOZ-ub26,TWAIN + ESTHER ROSE,2025-03-26 20:00:00,"179 Jean-Talon Ouest, Montreal, Quebec, Canada",https://s1.ticketm.net/dam/a/d45/6d0a5376-525f-47b5-b9a0-29c1410aad45_SOURCE
16sZkAFozZA5vC68,"Révolution Les Étoiles, l'ultime tournée ",2025-03-27 20:00:00,"972 Rue Saint-Jean , Quebec, Quebec, Canada",https://s1.ticketm.net/dam/a/4cd/ef09ea87-4781-42e3-a533-a048a8d494cd_SOURCE
1Ad7ZbfGknQO-Yc,Nate Smith - Through the smoke Tour,2025-03-27 20:00:00,"59 Rue Sainte-Catherine Est, Montreal, Quebec, Canada",https://s1.ticketm.net/dam/a/237/61c8c185-03c1-4d6e-8acd-21d7660e2237_SOURCE
1AsZkAwGkdtkdDg,The Weather Station - Humanhood Tour,2025-03-27 20:00:00,"2490 Rue Notre-Dame Ouest , Montreal, Quebec, Canada",https://s1.ticketm.net/dam/a/901/e78836ed-4b84-4e81-8e3f-6da405038901_SOURCE
16d7Zb3Q9G7UoJf,Jeremie Albino: Our Time In The Sun Tour,2025-03-28 20:00:00,"305, rue Ste-Catherine Ouest, Montreal, Quebec, Canada",https://s1.ticketm.net/dam/a/c52/1176149d-e633-4d79-a8e1-5d52bbcd4c52_SOURCE
16d7Zb9bZG7R4Nc,"SOUL SISTERS, L'hommage à Amy Winehouse, Adele, Joss Stone, Patti Labe",2025-03-28 20:30:00,"463 Sainte-Catherine Ouest, Montreal, Quebec, Canada",https://s1.ticketm.net/dam/a/ca3/d90617b5-1dca-46cb-8e52-02cb7bd39ca3_SOURCE
16sZkAFozZA2vC1G,"Révolution Les Étoiles, l'ultime tournée ",2025-03-28 20:00:00,"972 Rue Saint-Jean , Quebec, Quebec, Canada",https://s1.ticketm.net/dam/a/4cd/ef09ea87-4781-42e3-a533-a048a8d494cd_SOURCE
1Ad7Zb3GkSMR4rB,Marillion Weekend 2025,2025-03-28,"1004 Sainte-Catherine Street East, Montreal, Quebec, Canada",https://s1.ticketm.net/dam/a/d93/516168fe-d002-43e6-a74d-e17188aa2d93_SOURCE
1Ad7ZbaGklaRVoQ,Jonathan Roy,2025-03-28 20:00:00,"6000 Boulevard Rome, Brossard, Quebec, Canada",https://s1.ticketm.net/dam/a/a3f/a1b32eda-826a-4742-aff4-1671df2a4a3f_SOURCE
1Ad7ZbbGklx4S_b,Rich Amiri - War Ready Tour,2025-03-28 20:00:00,"2490 Rue Notre-Dame Ouest , Montreal, Quebec, Canada",https://s1.ticketm.net/dam/a/e24/7307a1bb-ef46-474a-b84a-9822c1f5ae24_SOURCE
1AsZk7MGkdUC4bN,Maya Hawke - The Chaos Angel Tour,2025-03-28 20:00:00,"59 Rue Sainte-Catherine Est, Montreal, Quebec, Canada",https://s1.ticketm.net/dam/a/68b/89de9354-2e44-4d8c-ac5c-9af4468b968b_SOURCE
1AsZk7MGkeP3dAQ,Echoes,2025-03-28 20:00:00,"9200 Boulevard Leduc, Brossard, Quebec, Canada",https://s1.ticketm.net/dam/a/f7f/1c50fd34-4856-48d2-a070-c2b7b2e93f7f_SOURCE
1AsZkAyGkdjz6Mh,MESHUGGAH - avec invités spécials Cannibal Corpse & Carcass,2025-03-28 19:00:00,"250 boulevard Wilfrid-Hamel, Quebec, Quebec, Canada",https://s1.ticketm.net/dam/a/1cd/09e32513-5733-4322-8919-f6f227ab91cd_SOURCE
1AsZkk3Gkd7lNrM,Marillion Q&A plus Lifesigns concert,2025-03-28 20:00:00,"1004 Sainte-Catherine Street East, Montreal, Quebec, Canada",https://s1.ticketm.net/dam/a/d93/516168fe-d002-43e6-a74d-e17188aa2d93_SOURCE
LvZ18_V3RP0dQj8Zcbz8e,FREAK SLUG,2025-03-28 20:30:00,"179 Jean-Talon Ouest, Montreal, Quebec, Canada",https://s1.ticketm.net/dam/a/d24/a9af4c82-30f2-4d41-af9c-618bccb61d24_TABLET_LANDSCAPE_LARGE_16_9.jpg
17G8vOG61Lr0wgh,Disco Fever Experience,2025-03-29 19:30:00,"1, avenue du Casino, Montreal, Quebec, Canada",https://s1.ticketm.net/dam/a/267/68844945-2f21-457a-b0cb-30459ee97267_SOURCE
17G8vOG65QDk3B7,Bond Symphonique,2025-03-29 20:00:00,"1 Blvd du Casino, GATINEAU, Quebec, Canada",https://s1.ticketm.net/dam/e/d9c/70251e28-ac62-493d-a51d-aea6ff43ed9c_TABLET_LANDSCAPE_LARGE_16_9.jpg
1Ad7ZbKGkRbwpZ9,Jonathan Roy,2025-03-29 20:00:00,"6000 Boulevard Rome, Brossard, Quebec, Canada",https://s1.ticketm.net/dam/a/a3f/a1b32eda-826a-4742-aff4-1671df2a4a3f_SOURCE
1Ad7ZbxGkTV9fh3,"Une Soirée Soul, Motown et Disco avec Dawn Tyler Watson & The Jamm",2025-03-29 20:30:00,"463 Sainte-Catherine Ouest, Montreal, Quebec, Canada",https://s1.ticketm.net/dam/a/a8d/425842dc-00ca-4c00-9674-babaecb91a8d_SOURCE
1AsZkAYGkd6ewDQ,Poppy: They're All Around Us,2025-03-29 20:00:00,"2490 Rue Notre-Dame Ouest , Montreal, Quebec, Canada",https://s1.ticketm.net/dam/a/2bc/97df3659-2804-4b86-b579-c019b2dfb2bc_TABLET_LANDSCAPE_LARGE_16_9.jpg
1AsZkk3Gkd7MKL4,Marillion,2025-03-29 20:00:00,"1004 Sainte-Catherine Street East, Montreal, Quebec, Canada",https://s1.ticketm.net/dam/a/d93/516168fe-d002-43e6-a74d-e17188aa2d93_SOURCE
1ad7Zbf-60YZdC5C,"Révolution Les Étoiles, l'ultime tournée ",2025-03-29 20:00:00,"972 Rue Saint-Jean , Quebec, Quebec, Canada",https://s1.ticketm.net/dam/a/4cd/ef09ea87-4781-42e3-a533-a048a8d494cd_SOURCE
1ad7Zbf-60ZZdC18,"Révolution Les Étoiles, l'ultime tournée ",2025-03-29 15:00:00,"972 Rue Saint-Jean , Quebec, Quebec, Canada",https://s1.ticketm.net/dam/a/4cd/ef09ea87-4781-42e3-a533-a048a8d494cd_SOURCE
16d7Zb_kAG7HvG0,TINA LIVE,2025-03-30 16:00:00,"1, avenue du Casino, Montreal, Quebec, Canada",https://s1.ticketm.net/dam/e/3a2/d90f0c37-3670-4654-ab9c-efc2f58df3a2_SOURCE
1AsZkAaGkeVU3uU,flipturn - THE BURNOUT DAYS TOUR,2025-03-30 20:00:00,"2490 Rue Notre-Dame Ouest , Montreal, Quebec, Canada",https://s1.ticketm.net/dam/a/5dd/e0d3b0cb-71ac-4d55-ab80-2786b5bce5dd_SOURCE
1AsZkAvGkeOgxaz,Kylie Minogue - Tension Tour,2025-03-30 19:30:00,"1909 avenue des Canadiens-de-Montréal, Montreal, Quebec, Canada",https://s1.ticketm.net/dam/a/2c5/d484f77c-673d-49cf-ab0d-cbfc182022c5_SOURCE
1AsZkk3Gkd7sSL1,Marillion,2025-03-30 20:00:00,"1004 Sainte-Catherine Street East, Montreal, Quebec, Canada",https://s1.ticketm.net/dam/a/d93/516168fe-d002-43e6-a74d-e17188aa2d93_SOURCE
1ad7Zbf-6P8ZdCG7,"Révolution Les Étoiles, l'ultime tournée ",2025-03-30 15:00:00,"972 Rue Saint-Jean , Quebec, Quebec, Canada",https://s1.ticketm.net/dam/a/4cd/ef09ea87-4781-42e3-a533-a048a8d494cd_SOURCE
17G8vOG6G3CqsEC,"Elles: Luce Dufault, Lulu Hughes, Kim Richardson",2025-04-01 20:00:00,"6000 Boulevard Rome, Brossard, Quebec, Canada",https://s1.ticketm.net/dam/a/07c/0ae9041f-8406-43e9-b002-642d6b2cc07c_SOURCE
1AsZkAYGkdLFSE7,A.J. Croce,2025-04-01 19:30:00,"59 Rue Sainte-Catherine Est, Montreal, Quebec, Canada",https://s1.ticketm.net/dam/a/917/231f3122-0343-48ad-af5e-7e52c3445917_SOURCE
rZ7HnEZ1AfZt8S,ROLLING QUARTZ [Stand Up] Tour in Montreal,2025-04-01 19:00:00,"680 Saint-Catherine St W, Montreal, Quebec, Canada",https://s1.ticketm.net/dam/a/da0/00e3a387-d0dc-444a-aa54-739da6427da0_SOURCE
16sZkAUeZZAGk5u6,Les Concerts Jazz Cabaret Chic,2025-04-02 19:00:00,"463 Sainte-Catherine Ouest, Montreal, Quebec, Canada",https://s1.ticketm.net/dam/a/3f3/d23b2c5e-0aeb-45ad-8d4f-7bfb428f83f3_SOURCE
17G8vOG61rN0o0r,Les Hay Babies,2025-04-02 20:00:00,"9200 Boulevard Leduc, Brossard, Quebec, Canada",https://s1.ticketm.net/dam/a/a9c/fc2130d6-4f17-4b72-b1c5-8cf35f5ada9c_SOURCE
1Ad7Zb9GklauN_I,Connor Price,2025-04-02 20:00:00,"59 Rue Sainte-Catherine Est, Montreal, Quebec, Canada",https://s1.ticketm.net/dam/a/d69/559f3f98-1384-46d6-a5aa-b5e1ae7c2d69_SOURCE
1Ad7ZbpGkiv6Vlc,IL VOLO 2025 World Tour,2025-04-02 19:30:00,"1950 Rue Claude-Gagne, Laval, Quebec, Canada",https://s1.ticketm.net/dam/a/1ef/60081544-6ebc-4d21-b14e-273e3a1ea1ef_SOURCE
1AsZkZSGkd4if83,Heart,2025-04-02 20:00:00,"1909 avenue des Canadiens-de-Montréal, Montreal, Quebec, Canada",https://s1.ticketm.net/dam/a/ef6/5f7acab3-91ed-4c4e-b658-92c1dedf0ef6_SOURCE
1AsZkkAGkdbW7ad,The War and Treaty,2025-04-02 20:00:00,"305, rue Ste-Catherine Ouest, Montreal, Quebec, Canada",https://s1.ticketm.net/dam/a/066/97a37ccd-5028-4088-8e15-93dd435d1066_SOURCE
rZ7HnEZ1AfZtod,ROLLING QUARTZ [Stand Up] Tour in Quebec City,2025-04-02 19:00:00,"201 de Lanaudiere St, Quebec City, Quebec, Canada",https://s1.ticketm.net/dam/a/da0/00e3a387-d0dc-444a-aa54-739da6427da0_SOURCE
17G8vOG61C2BxJX,Abbamania,2025-04-03 19:30:00,"1, avenue du Casino, Montreal, Quebec, Canada",https://s1.ticketm.net/dam/a/e85/690e9d49-974d-4059-95b0-d874b51c2e85_SOURCE
17G8vOG6Cp3ks0C,Abbamania,2025-04-03 14:00:00,"1, avenue du Casino, Montreal, Quebec, Canada",https://s1.ticketm.net/dam/a/e85/690e9d49-974d-4059-95b0-d874b51c2e85_SOURCE
1Ad7ZbbGkmvqoA8,Niko Moon - These Are The Nights Tour,2025-04-03 20:00:00,"2490 Rue Notre-Dame Ouest , Montreal, Quebec, Canada",https://s1.ticketm.net/dam/a/c26/a2956fb9-d3cd-4241-8f4c-adb62c95dc26_SOURCE
1AsZkAAGkeH2036,KANE BROWN: THE HIGH ROAD TOUR,2025-04-03 19:00:00,"250 boulevard Wilfrid-Hamel, Quebec, Quebec, Canada",https://s1.ticketm.net/dam/a/da0/08bf0082-1b91-4904-8004-401a80209da0_SOURCE
1ad7Zbf-6JZZdCuk,"Révolution Les Étoiles, l'ultime tournée ",2025-04-03 20:00:00,"972 Rue Saint-Jean , Quebec, Quebec, Canada",https://s1.ticketm.net/dam/a/4cd/ef09ea87-4781-42e3-a533-a048a8d494cd_SOURCE
LvZ18_YhpriDWiOZcxXRp,"NINJA SEX PARTY ""PURE ELEGANCE TOUR""",2025-04-03 20:00:00,"59 Rue Sainte-Catherine Est, Montreal, Quebec, Canada",https://s1.ticketm.net/dam/a/c74/ddc3e323-7741-4374-8256-eaeedde05c74_SOURCE
16sZkAFoyZA5vCuG,"Révolution Les Étoiles, l'ultime tournée ",2025-04-04 20:00:00,"972 Rue Saint-Jean , Quebec, Quebec, Canada",https://s1.ticketm.net/dam/a/4cd/ef09ea87-4781-42e3-a533-a048a8d494cd_SOURCE
17G8vOG61C2DxEo,Abbamania,2025-04-04 19:30:00,"1, avenue du Casino, Montreal, Quebec, Canada",https://s1.ticketm.net/dam/a/e85/690e9d49-974d-4059-95b0-d874b51c2e85_SOURCE
17G8vOG65kXnNZq,Elisapie,2025-04-04 20:00:00,"6000 Boulevard Rome, Brossard, Quebec, Canada",https://s1.ticketm.net/dam/a/48f/5c6cd779-09bb-4590-a54d-b5d36aba948f_SOURCE
1Ad7ZbpGkUmnxML,Dean Z - The Ultimate Elvis Show,2025-04-04 20:00:00,"1 Blvd du Casino, GATINEAU, Quebec, Canada",https://s1.ticketm.net/dam/a/998/ac0929da-d960-41b2-b6af-5d6a76130998_SOURCE
1AsZk7SGkdAlVk_,Snow Patrol,2025-04-04 20:00:00,"1004 Sainte-Catherine Street East, Montreal, Quebec, Canada",https://s1.ticketm.net/dam/a/4e1/e8d952a5-5abf-427c-9385-5eab319954e1_SOURCE
1AsZkA6Gkdpb3pv,KANE BROWN: THE HIGH ROAD TOUR,2025-04-04 19:00:00,"1909 avenue des Canadiens-de-Montréal, Montreal, Quebec, Canada",https://s1.ticketm.net/dam/a/da0/08bf0082-1b91-4904-8004-401a80209da0_SOURCE
1AsZkAEGkeSN3qE,Level Up - Sapphire Souls Tour 2025,2025-04-04 22:00:00,"59 Rue Sainte-Catherine Est, Montreal, Quebec, Canada",https://s1.ticketm.net/dam/a/ced/9a655b00-1a4b-4bfd-b85d-7a7acb542ced_SOURCE
1AsZkAJGkd6le_y,Abbamania,2025-04-04 14:00:00,"1, avenue du Casino, Montreal, Quebec, Canada",https://s1.ticketm.net/dam/a/e85/690e9d49-974d-4059-95b0-d874b51c2e85_SOURCE
1ad7Zb9bFQ4Zd58u,HABANA NIGHTS avec Carlos Placeres,2025-04-04 20:30:00,"463 Sainte-Catherine Ouest, Montreal, Quebec, Canada",https://s1.ticketm.net/dam/a/62b/aa0c8acd-eb4d-4733-ac0e-f20d8405f62b_SOURCE
16sZkAFoyZA8vCCF,"Révolution Les Étoiles, l'ultime tournée ",2025-04-05 20:00:00,"972 Rue Saint-Jean , Quebec, Quebec, Canada",https://s1.ticketm.net/dam/a/4cd/ef09ea87-4781-42e3-a533-a048a8d494cd_SOURCE
16sZkAFoyZAuvCC7,"Révolution Les Étoiles, l'ultime tournée ",2025-04-05 15:00:00,"972 Rue Saint-Jean , Quebec, Quebec, Canada",https://s1.ticketm.net/dam/a/4cd/ef09ea87-4781-42e3-a533-a048a8d494cd_SOURCE
17G8vOG61C2WeE-,Abbamania,2025-04-05 19:30:00,"1, avenue du Casino, Montreal, Quebec, Canada",https://s1.ticketm.net/dam/a/e85/690e9d49-974d-4059-95b0-d874b51c2e85_SOURCE
1Ad7ZbaGkUiOwPg,Damien Robitaille,2025-04-05 20:00:00,"9200 Boulevard Leduc, Brossard, Quebec, Canada",https://s1.ticketm.net/dam/a/06c/93d0955f-375f-4ba7-a175-5698d150b06c_SOURCE
1Ad7ZbeGkSf7Scp,HEART,2025-04-05 20:00:00,"250 boulevard Wilfrid-Hamel, Quebec, Quebec, Canada",https://s1.ticketm.net/dam/a/ef6/5f7acab3-91ed-4c4e-b658-92c1dedf0ef6_SOURCE
1Ad7ZbpGkUmleMH,Dean Z - The Ultimate Elvis Show,2025-04-05 20:00:00,"1 Blvd du Casino, GATINEAU, Quebec, Canada",https://s1.ticketm.net/dam/a/998/ac0929da-d960-41b2-b6af-5d6a76130998_SOURCE
1AsZk7sGkeNGxeQ,Marc Scibilia: More To This World Tour,2025-04-05 20:00:00,"2490 Rue Notre-Dame Ouest , Montreal, Quebec, Canada",https://s1.ticketm.net/dam/a/497/ea516155-9b92-417c-9ddb-a8be1e9fe497_SOURCE
1AsZkA4Gkd0aNKp,MEUTE,2025-04-05 20:00:00,"59 Rue Sainte-Catherine Est, Montreal, Quebec, Canada",https://s1.ticketm.net/dam/a/b5c/b27ef3cb-7a87-4e24-8d0b-336310b23b5c_SOURCE
1AsZkk6GkdIsPA8,While She Sleeps,2025-04-05 19:00:00,"1004 Sainte-Catherine Street East, Montreal, Quebec, Canada",https://s1.ticketm.net/dam/a/467/d5dcde9d-f234-417c-b46c-0e9f4f283467_TABLET_LANDSCAPE_LARGE_16_9.jpg
LvZ18_wyaoToqaZZOckG9,NAKED GIANTS,2025-04-05 20:00:00,"179 Jean-Talon Ouest, Montreal, Quebec, Canada",https://s1.ticketm.net/dam/a/cbe/31db9520-9de2-4bae-99cf-5e8c823dccbe_SOURCE
16d7Zbf-6G7I8Mc,"Révolution Les Étoiles, l'ultime tournée ",2025-04-06 15:00:00,"972 Rue Saint-Jean , Quebec, Quebec, Canada",https://s1.ticketm.net/dam/a/4cd/ef09ea87-4781-42e3-a533-a048a8d494cd_SOURCE
1Ad7ZbpGkzSrpbW,J Balvin - Back To The Rayo Tour,2025-04-07 20:00:00,"1950 Rue Claude-Gagne, Laval, Quebec, Canada",https://s1.ticketm.net/dam/a/fe3/988fc65b-12c1-4ea3-9a93-174b11db0fe3_SOURCE
LvZ18_gs3w9CrE8Z-5aJH,ROSE COUSINS,2025-04-07 20:00:00,"179 Jean-Talon Ouest, Montreal, Quebec, Canada",https://s1.ticketm.net/dam/a/29d/5447474a-1bbb-4aca-93f2-a33f3888329d_SOURCE
1Ad7ZbpGkDoBfD2,Zaho de Sagazan,2025-04-08 20:00:00,"59 Rue Sainte-Catherine Est, Montreal, Quebec, Canada",https://s1.ticketm.net/dam/a/caf/aded780b-0d0f-44e2-9c8b-72e7ae4c9caf_SOURCE
1AsZkAdGkePsUAW,Caravan Palace - NORTH AMERICAN TOUR 2025,2025-04-08 20:00:00,"1004 Sainte-Catherine Street East, Montreal, Quebec, Canada",https://s1.ticketm.net/dam/a/0af/502b8b90-8a76-4cc2-ba59-4856ac3720af_SOURCE
1AsZkkaGkeUwevb,Chelsea Grin,2025-04-08 19:00:00,"2490 Rue Notre-Dame Ouest , Montreal, Quebec, Canada",https://s1.ticketm.net/dam/a/479/c80b801c-bdee-455d-9384-8f4ab7af1479_SOURCE
16sZkAUeZZAuk5u1,Les Concerts Jazz Cabaret Chic,2025-04-09 19:00:00,"463 Sainte-Catherine Ouest, Montreal, Quebec, Canada",https://s1.ticketm.net/dam/a/3f3/d23b2c5e-0aeb-45ad-8d4f-7bfb428f83f3_SOURCE
1Ad7ZbfGklB50-U,Tamino,2025-04-09 20:00:00,"59 Rue Sainte-Catherine Est, Montreal, Quebec, Canada",https://s1.ticketm.net/dam/a/bae/89ec740b-214a-44f8-951a-28bb1da96bae_SOURCE
LvZ18_guyXCH_i8ZcD-ng,TRAITORS,2025-04-09 19:00:00,"5240 Avenue du Parc, Montreal, Quebec, Canada",https://s1.ticketm.net/dam/a/bec/109a6f8f-949b-481e-8d70-dda1ab145bec_SOURCE
1Ad7Zb8GkBrI3kW,Zaho de Sagazan,2025-04-10 20:00:00,"59 Rue Sainte-Catherine Est, Montreal, Quebec, Canada",https://s1.ticketm.net/dam/a/caf/aded780b-0d0f-44e2-9c8b-72e7ae4c9caf_SOURCE
1Ad7Zb3Gkn_4siw,Tire Le Coyote,2025-04-11 20:00:00,"9200 Boulevard Leduc, Brossard, Quebec, Canada",https://s1.ticketm.net/dam/a/6bc/2c97a530-7b9b-41ab-b294-05fe733156bc_SOURCE
1Ad7Zb8GkBLTw1n,Zaho de Sagazan,2025-04-11 20:00:00,"59 Rue Sainte-Catherine Est, Montreal, Quebec, Canada",https://s1.ticketm.net/dam/a/caf/aded780b-0d0f-44e2-9c8b-72e7ae4c9caf_SOURCE
1Ad7Zb9GksfvOIS,"Révolution Les Étoiles, l'ultime tournée ",2025-04-11 20:00:00,"972 Rue Saint-Jean , Quebec, Quebec, Canada",https://s1.ticketm.net/dam/a/4cd/ef09ea87-4781-42e3-a533-a048a8d494cd_SOURCE
1Ad7ZbFGklQSf9x,Souviens-toi Joe,2025-04-11 19:30:00,"1, avenue du Casino, Montreal, Quebec, Canada",https://s1.ticketm.net/dam/a/790/e7d19aca-bcd9-4ed2-b299-759ba1b83790_SOURCE
1AsZkA9GkeH934D,Killswitch Engage,2025-04-11 18:30:00,"1950 Rue Claude-Gagne, Laval, Quebec, Canada",https://s1.ticketm.net/dam/a/5c0/b5b48278-febb-4da5-9652-792a05e235c0_SOURCE
LvZ18_wVobaDd5ZZcnGVi,B.B. JACQUES,2025-04-11 20:00:00,"5240 Avenue du Parc, Montreal, Quebec, Canada",https://s1.ticketm.net/dam/c/80b/f3cd8d24-c3ae-4fa0-b4bc-1ba99f9b380b_106091_TABLET_LANDSCAPE_LARGE_16_9.jpg
17G8vOG613jVe2X,Abbamania,2025-04-12 20:00:00,"1 Blvd du Casino, GATINEAU, Quebec, Canada",https://s1.ticketm.net/dam/a/e85/690e9d49-974d-4059-95b0-d874b51c2e85_SOURCE
1Ad7Zb9Gksfe8lZ,"Révolution Les Étoiles, l'ultime tournée ",2025-04-12 15:00:00,"972 Rue Saint-Jean , Quebec, Quebec, Canada",https://s1.ticketm.net/dam/a/4cd/ef09ea87-4781-42e3-a533-a048a8d494cd_SOURCE
1Ad7ZbbGkg8OZST,"Révolution Les Étoiles, l'ultime tournée ",2025-04-12 20:00:00,"972 Rue Saint-Jean , Quebec, Quebec, Canada",https://s1.ticketm.net/dam/a/4cd/ef09ea87-4781-42e3-a533-a048a8d494cd_SOURCE
1Ad7ZbfGkTvL3Dt,Michel Pagliaro,2025-04-12 20:00:00,"9200 Boulevard Leduc, Brossard, Quebec, Canada",https://s1.ticketm.net/dam/a/889/084a9856-8197-4c0f-8658-49a98bef5889_SOURCE
1AsZkAUGkec9S7r,"Les meilleurs hits Soul, Motown, Disco avec Freddie James Project",2025-04-12 20:30:00,"463 Sainte-Catherine Ouest, Montreal, Quebec, Canada",https://s1.ticketm.net/dam/a/b16/0417b9a1-85ba-4952-b1a6-3e927458fb16_SOURCE
LvZ18_S_32J0kCYZ-m-am,"ELEPHANTE ""COPE TOUR""",2025-04-12 22:00:00,"1403 Rue Sainte Elisabeth, Montreal, Quebec, Canada",https://s1.ticketm.net/dam/a/401/03571daf-5dd4-4cde-9b21-66afb70e1401_TABLET_LANDSCAPE_LARGE_16_9.jpg
1AsZk7JGkd3VSL7,Mogwai,2025-04-13 20:00:00,"2490 Rue Notre-Dame Ouest , Montreal, Quebec, Canada",https://s1.ticketm.net/dam/a/1c1/5756f1b4-2a03-4fb4-a9e5-e543353a31c1_SOURCE
1AsZkvyGkesjeEe,Country de nos idoles,2025-04-13 15:00:00,"6000 Boulevard Rome, Brossard, Quebec, Canada",https://s1.ticketm.net/dam/a/8b7/ac4713a1-f814-4b15-8bc9-107c2f8958b7_SOURCE
LvZ18_wfu8zdgQv49RhpU,WEDNESDAY 13,2025-04-13 19:00:00,"87 rue Sainte-Catherine Est, Montreal, Quebec, Canada",https://s1.ticketm.net/dam/a/3b6/5c5254fc-4a81-4099-9ba4-3c4864e003b6_SOURCE
1AsZk7sGkd0J71M,Franz Ferdinand,2025-04-14 20:00:00,"59 Rue Sainte-Catherine Est, Montreal, Quebec, Canada",https://s1.ticketm.net/dam/a/3df/3cf40085-ff9c-49ab-927f-48bc27b4e3df_SOURCE
1AsZkk7Gkd70wzT,Nelly with Ja Rule & Special Guests: Where The Party At Tour,2025-04-15 20:00:00,"1909 avenue des Canadiens-de-Montréal, Montreal, Quebec, Canada",https://s1.ticketm.net/dam/a/dfa/a1625472-fd62-4fce-94b4-365c3c5d1dfa_SOURCE
LvZ18_gOuWQRo1YZmNp8k,YEEK,2025-04-15 20:00:00,"179 Jean-Talon Ouest, Montreal, Quebec, Canada",https://s1.ticketm.net/dam/a/7af/e75690c8-144d-4940-9bab-622b7856e7af_TABLET_LANDSCAPE_LARGE_16_9.jpg
1Ad7ZbfGkTARdda,Brit Floyd - platine officiels,2025-04-16 20:00:00,"175 Rue Sainte-Catherine Ouest, Montreal, Quebec, Canada",https://s1.ticketm.net/dam/a/e7d/51956dbd-9687-466a-a11c-cd91aeb4fe7d_SOURCE
LvZ18_sR3VgC_Y3CUaASK,MOUNT EERIE,2025-04-16 20:00:00,"5240 Avenue du Parc, Montreal, Quebec, Canada",https://s1.ticketm.net/dam/a/080/b8d09a55-ff0a-4bba-b426-5d360ea3a080_SOURCE
17G8vOG652g00_-,Les Leblanc - Pas d'proche parenté,2025-04-17 20:30:00,"972 Rue Saint-Jean , Quebec, Quebec, Canada",https://s1.ticketm.net/dam/c/0d2/1201f713-3288-4790-854a-ae42895450d2_105931_TABLET_LANDSCAPE_LARGE_16_9.jpg
1Ad7Zb4GkDF6STm,GrimSkunk,2025-04-17 20:00:00,"59 Rue Sainte-Catherine Est, Montreal, Quebec, Canada",https://s1.ticketm.net/dam/a/fb0/3b686f16-31de-4e30-8b1d-f0e6a3009fb0_SOURCE
1AsZkkdGkdJ8SQB,DJ Habibeats,2025-04-17 20:00:00,"305, rue Ste-Catherine Ouest, Montreal, Quebec, Canada",https://s1.ticketm.net/dam/a/d5d/87231d57-626c-42ca-86e0-666910edcd5d_SOURCE
LvZ18_w7qM6ukY8C1GiDJ,ELDER : LORE 10TH ANNIVERSARY,2025-04-17 19:00:00,"5240 Avenue du Parc, Montreal, Quebec, Canada",https://s1.ticketm.net/dam/a/5af/391cb3bc-6c17-44e2-a389-b8b2baeda5af_SOURCE
17G8vOG61TJ1dSy,Les Leblanc - Pas d'proche parenté,2025-04-18 19:30:00,"1, avenue du Casino, Montreal, Quebec, Canada",https://s1.ticketm.net/dam/e/141/96ad5b12-86f8-45fa-a072-9e2d52049141_TABLET_LANDSCAPE_LARGE_16_9.jpg
17G8vOG65A5R8BA,Hotel California - The Original Eagles Tribute,2025-04-18 20:30:00,"972 Rue Saint-Jean , Quebec, Quebec, Canada",https://s1.ticketm.net/dam/a/96e/8295b049-f00f-4b13-9614-475d7be8896e_SOURCE
1Ad7ZbpGkR8SKEG,The Grand Illusion Styx Experience,2025-04-18 20:00:00,"9200 Boulevard Leduc, Brossard, Quebec, Canada",https://s1.ticketm.net/dam/c/ab4/6367448e-7474-4650-bd2d-02a8f7166ab4_106161_TABLET_LANDSCAPE_LARGE_16_9.jpg
1AsZk78GkeNONWa,Myles Smith- We Were Never Strangers Tour 2025 With Special Guest Tors,2025-04-18 20:00:00,"59 Rue Sainte-Catherine Est, Montreal, Quebec, Canada",https://s1.ticketm.net/dam/a/418/7505bc8b-d743-4fc7-ba0d-d322edb4c418_SOURCE
16sZkAU7YZAGk275,Brunch Gospel avec Imani Gospel Singers,2025-04-19 12:30:00,"463 Sainte-Catherine Ouest, Montreal, Quebec, Canada",https://s1.ticketm.net/dam/a/6ea/3aed09ac-805b-420b-afed-a634d1f2e6ea_SOURCE
17G8vOG65A5s8Bo,Hotel California - The Original Eagles Tribute,2025-04-19 20:30:00,"972 Rue Saint-Jean , Quebec, Quebec, Canada",https://s1.ticketm.net/dam/a/96e/8295b049-f00f-4b13-9614-475d7be8896e_SOURCE
1Ad7ZbFGklqpVhQ,Souviens-toi Joe,2025-04-19 20:00:00,"1 Blvd du Casino, GATINEAU, Quebec, Canada",https://s1.ticketm.net/dam/a/790/e7d19aca-bcd9-4ed2-b299-759ba1b83790_SOURCE
1Ad7ZbpGkRoBKtG,New World Men,2025-04-19 20:00:00,"9200 Boulevard Leduc, Brossard, Quebec, Canada",https://s1.ticketm.net/dam/a/2fa/30044f00-318e-4670-b589-8ab80d49e2fa_SOURCE
1AsZkAvGkdUMfH5,The Celine Experience,2025-04-19 20:00:00,"1 Blvd du Casino, GATINEAU, Quebec, Canada",https://s1.ticketm.net/dam/e/06c/5c6d74a6-91ba-4a68-96e0-96aed07ee06c_SOURCE
1AsZkkaGkdiMd4V,KAYZO Presents : Unleashed XL '25,2025-04-19 22:00:00,"59 Rue Sainte-Catherine Est, Montreal, Quebec, Canada",https://s1.ticketm.net/dam/a/c5e/3127fef6-b890-4a06-9767-add8077d2c5e_SOURCE
1AsZkvPGkexq-HX,Claude Dubois,2025-04-19 20:00:00,"6000 Boulevard Rome, Brossard, Quebec, Canada",https://s1.ticketm.net/dam/a/02d/d9b4e1d1-0dbe-4272-aaaa-792486ba102d_SOURCE
LvZ18_wnAcAgiDOZxqOey,SHAINA HAYES - KINDERGARTEN HEART,2025-04-19 20:30:00,"5240 Avenue du Parc, Montreal, Quebec, Canada",https://s1.ticketm.net/dam/c/779/d4bc7e11-1b50-4aa4-a2be-0a21569f5779_106531_TABLET_LANDSCAPE_LARGE_16_9.jpg
1Ad7Zb3Gkwqrdyr,Claude Dubois,2025-04-20 16:00:00,"6000 Boulevard Rome, Brossard, Quebec, Canada",https://s1.ticketm.net/dam/a/02d/d9b4e1d1-0dbe-4272-aaaa-792486ba102d_SOURCE
1AsZk78GkeN-dW2,Myles Smith- We Were Never Strangers Tour 2025 With Special Guest Tors,2025-04-20 20:00:00,"59 Rue Sainte-Catherine Est, Montreal, Quebec, Canada",https://s1.ticketm.net/dam/a/418/7505bc8b-d743-4fc7-ba0d-d322edb4c418_SOURCE
1Ad7Zb9GkltZ71R,Spiritbox : Tsunami Sea North American Tour,2025-04-21 18:30:00,"59 Rue Sainte-Catherine Est, Montreal, Quebec, Canada",https://s1.ticketm.net/dam/a/523/52bd744c-130c-4aa4-863a-3e4f594ff523_TABLET_LANDSCAPE_LARGE_16_9.jpg
1AsZkk7Gkdawdd0,Gang of Four,2025-04-22 20:00:00,"2490 Rue Notre-Dame Ouest , Montreal, Quebec, Canada",https://s1.ticketm.net/dam/a/9de/5fd3b8c4-0568-46f5-98ca-6dce56d289de_SOURCE
LvZ18_RpbOQP_WZZc5wSP,"GANG OF FOUR ""THE LONG GOODBYE""",2025-04-22 20:00:00,"2490 Rue Notre-Dame Ouest , Montreal, Quebec, Canada",https://s1.ticketm.net/dam/a/9de/5fd3b8c4-0568-46f5-98ca-6dce56d289de_SOURCE
16sZkAUeZZA2k5uC,Les Concerts Jazz Cabaret Chic,2025-04-23 19:00:00,"463 Sainte-Catherine Ouest, Montreal, Quebec, Canada",https://s1.ticketm.net/dam/a/3f3/d23b2c5e-0aeb-45ad-8d4f-7bfb428f83f3_SOURCE
1AsZkA3Gkd4j7Lo,Remi Wolf,2025-04-23 20:00:00,"59 Rue Sainte-Catherine Est, Montreal, Quebec, Canada",https://s1.ticketm.net/dam/a/fb7/92a705ac-76b4-49c5-bf95-a2c384ddbfb7_SOURCE
1kG8v-jyGA5poBk,Mario Pelchat,2025-04-23 20:00:00,"6000 Boulevard Rome, Brossard, Quebec, Canada",https://s1.ticketm.net/dam/a/298/93c4b2a8-13ab-41ab-808d-e4acbcda8298_SOURCE
1Ad7ZboGkDe-wEz,NICK CAVE & THE BAD SEEDS: THE WILD GOD TOUR,2025-04-24 20:00:00,"1950 Rue Claude-Gagne, Laval, Quebec, Canada",https://s1.ticketm.net/dam/a/6a3/17c60d4b-355e-4046-99bb-5322c30646a3_SOURCE
1AsZkvyGkdrPKRm,Matt Lang,2025-04-24 20:00:00,"9200 Boulevard Leduc, Brossard, Quebec, Canada",https://s1.ticketm.net/dam/a/077/af7767e7-0fea-4e3e-bd6d-c229519ce077_SOURCE
LvZ18_sZA8B5iQZZ-4QvF,THE LINDA LINDAS,2025-04-24 20:00:00,"5240 Avenue du Parc, Montreal, Quebec, Canada",https://s1.ticketm.net/dam/a/c9e/e66988fe-0198-4d35-bbe9-362e97ad3c9e_SOURCE
16sZk70rkZA5evvu,Dean Z - The Ultimate Elvis Show,2025-04-25 19:30:00,"1, avenue du Casino, Montreal, Quebec, Canada",https://s1.ticketm.net/dam/a/998/ac0929da-d960-41b2-b6af-5d6a76130998_SOURCE
17G8vOG65NoqPvg,Roxane Bruneau,2025-04-25 20:00:00,"6000 Boulevard Rome, Brossard, Quebec, Canada",https://s1.ticketm.net/dam/a/b66/4c991446-0586-4347-b989-f41444aaeb66_SOURCE
1Ad7ZbaGkUWFxBq,The Franklin Electric,2025-04-25 20:00:00,"9200 Boulevard Leduc, Brossard, Quebec, Canada",https://s1.ticketm.net/dam/a/efe/3b52da34-fada-486c-ba11-13c906fdeefe_SOURCE
1ad7Zb3--f8ZdCdu,Crazy Country Western,2025-04-25 20:00:00,"972 Rue Saint-Jean , Quebec, Quebec, Canada",https://s1.ticketm.net/dam/a/27a/1b13ca54-6673-4aea-8d4f-82657419627a_SOURCE
1ad7Zb9baAPZdG7a,Hommage à Buena Vista Social Club,2025-04-25 20:30:00,"463 Sainte-Catherine Ouest, Montreal, Quebec, Canada",https://s1.ticketm.net/dam/a/0b9/ee207864-cd75-45f3-bb31-fc127cc8a0b9_SOURCE
1asZkA_0xbxZeud,Dean Z - The Ultimate Elvis Show,2025-04-25 14:00:00,"1, avenue du Casino, Montreal, Quebec, Canada",https://s1.ticketm.net/dam/a/998/ac0929da-d960-41b2-b6af-5d6a76130998_SOURCE
15d7ZbF1Kpo4v,Clay and Friends,2025-04-26 20:00:00,"9200 Boulevard Leduc, Brossard, Quebec, Canada",https://s1.ticketm.net/dam/a/e3c/6cb221f8-f1e8-4fc9-9243-38fdb64bbe3c_SOURCE
16sZk70rkZACevv8,Dean Z - The Ultimate Elvis Show,2025-04-26 19:30:00,"1, avenue du Casino, Montreal, Quebec, Canada",https://s1.ticketm.net/dam/a/998/ac0929da-d960-41b2-b6af-5d6a76130998_SOURCE
16sZk7Ib4ZAGvC7a,Crazy Country Western,2025-04-26 20:00:00,"972 Rue Saint-Jean , Quebec, Quebec, Canada",https://s1.ticketm.net/dam/a/27a/1b13ca54-6673-4aea-8d4f-82657419627a_SOURCE
17G8vOG65S4AVe0,Tramp of the Century - Breakfast in America,2025-04-26 20:00:00,"1 Blvd du Casino, GATINEAU, Quebec, Canada",https://s1.ticketm.net/dam/a/a61/cf8e810e-b0e1-41b9-ad6d-603631d84a61_SOURCE
1Ad7Zb9GkM-Ug6W,Dean Z - The Ultimate Elvis Show,2025-04-26 15:00:00,"1, avenue du Casino, Montreal, Quebec, Canada",https://s1.ticketm.net/dam/a/998/ac0929da-d960-41b2-b6af-5d6a76130998_SOURCE
1Ad7Zb9GkwQ4w5w,2025 NAO TOUR,2025-04-26 20:00:00,"2490 Rue Notre-Dame Ouest , Montreal, Quebec, Canada",https://s1.ticketm.net/dam/a/84c/9dc32f56-983c-4e81-807f-6ae11d2e884c_SOURCE
1AsZk7zGkd0R4oZ,Elderbrook - Another Touch North American Tour,2025-04-26 21:00:00,"59 Rue Sainte-Catherine Est, Montreal, Quebec, Canada",https://s1.ticketm.net/dam/a/0fa/a59514db-2890-4053-81c6-d9c949bf80fa_SOURCE
1ad7Zb3--4YZdC7d,Crazy Country Western,2025-04-26 14:00:00,"972 Rue Saint-Jean , Quebec, Quebec, Canada",https://s1.ticketm.net/dam/a/27a/1b13ca54-6673-4aea-8d4f-82657419627a_SOURCE
LvZ18_M0Tot9EGYZ-KPD2,THE BROKES,2025-04-26 20:30:00,"5240 Avenue du Parc, Montreal, Quebec, Canada",https://s1.ticketm.net/dam/a/7af/53d3335b-3d1c-46c6-9dbe-320c6a6ab7af_SOURCE
16sZk7Ib4ZA2vC75,Crazy Country Western,2025-04-27 14:00:00,"972 Rue Saint-Jean , Quebec, Quebec, Canada",https://s1.ticketm.net/dam/a/27a/1b13ca54-6673-4aea-8d4f-82657419627a_SOURCE
1AsZkAJGkeyieak,Machine Head & In Flames with special guests Lacuna Coil and Unearth,2025-04-27 18:00:00,"59 Rue Sainte-Catherine Est, Montreal, Quebec, Canada",https://s1.ticketm.net/dam/a/d18/4c33cda5-0c31-47d1-aad6-bcc8d8e46d18_SOURCE
LvZ18_gUajywTbZZcv9H7,"MAGIC SWORD ""YEAR OF THE SWORD TOUR 2025""",2025-04-28 20:30:00,"5240 Avenue du Parc, Montreal, Quebec, Canada",https://s1.ticketm.net/dam/a/22d/cd36573d-e924-4b58-9558-28266d07922d_SOURCE
1Ad7ZbpGkDcJAhF,FLO - Access All Areas North American Tour 2025,2025-04-29 20:00:00,"59 Rue Sainte-Catherine Est, Montreal, Quebec, Canada",https://s1.ticketm.net/dam/a/fe1/bb0e6a29-f028-48e3-9411-ff974f3f3fe1_SOURCE
16d7Zb9CFG7Xv9-,Guillaume Lafond,2025-04-30 20:00:00,"9200 Boulevard Leduc, Brossard, Quebec, Canada",https://s1.ticketm.net/dam/a/01b/6d147370-ddbb-4267-8a07-5b28bd35901b_SOURCE
17G8vOG65UPieN5,Tramp of the Century - Breakfast in America,2025-05-01 19:30:00,"1, avenue du Casino, Montreal, Quebec, Canada",https://s1.ticketm.net/dam/a/a61/cf8e810e-b0e1-41b9-ad6d-603631d84a61_SOURCE
17G8vOG65kxUe2E,Klô Pelgag - COMPLET,2025-05-01 20:00:00,"59 Rue Sainte-Catherine Est, Montreal, Quebec, Canada",https://s1.ticketm.net/dam/a/a1d/80aefedd-0486-405f-8d47-f77681c33a1d_SOURCE
1Ad7ZbpGkWcn-ZU,Hommage à Buddy Holly avec Zachary Stevenson,2025-05-01 20:30:00,"972 Rue Saint-Jean , Quebec, Quebec, Canada",https://s1.ticketm.net/dam/a/b78/b2db759e-8ee8-485e-8795-868203ab0b78_SOURCE
1AsZkk3Gkd3WNR6,Venjent,2025-05-01 20:00:00,"305, rue Ste-Catherine Ouest, Montreal, Quebec, Canada",https://s1.ticketm.net/dam/a/1ab/89e774e1-95f4-4ccd-bcea-8513c0bcd1ab_SOURCE
17G8vOG65UPceNE,Tramp of the Century - Breakfast in America,2025-05-02 19:30:00,"1, avenue du Casino, Montreal, Quebec, Canada",https://s1.ticketm.net/dam/a/a61/cf8e810e-b0e1-41b9-ad6d-603631d84a61_SOURCE
1Ad7Zb4Gklqc7oC,Disco Fever Experience,2025-05-02 20:00:00,"1 Blvd du Casino, GATINEAU, Quebec, Canada",https://s1.ticketm.net/dam/a/267/68844945-2f21-457a-b0cb-30459ee97267_SOURCE
1Ad7Zb4GknL3wK2,"The Cavemen ""CAVY IN THE CITY"" Tour",2025-05-02 20:00:00,"305, rue Ste-Catherine Ouest, Montreal, Quebec, Canada",https://s1.ticketm.net/dam/a/ceb/49f68b67-4fbf-4ce7-9b21-63aa565a4ceb_SOURCE
1Ad7ZbpGkWclsZy,Hommage à Buddy Holly avec Zachary Stevenson,2025-05-02 20:30:00,"972 Rue Saint-Jean , Quebec, Quebec, Canada",https://s1.ticketm.net/dam/a/b78/b2db759e-8ee8-485e-8795-868203ab0b78_SOURCE
LvZ18_RYGPjucvYZ-OWbm,ACTORS,2025-05-02 19:30:00,"179 Jean-Talon Ouest, Montreal, Quebec, Canada",https://s1.ticketm.net/dam/c/f50/96fa13be-e395-429b-8558-a51bb9054f50_105951_TABLET_LANDSCAPE_LARGE_16_9.jpg
LvZ18_meS61PJA8Z-vE9f,"RARE AMERICANS ""NORTH AMERICA TOUR '25""",2025-05-02 20:00:00,"5240 Avenue du Parc, Montreal, Quebec, Canada",https://s1.ticketm.net/dam/a/1cd/da7021b0-37e2-4e2c-bfac-c1b0b2ad51cd_SOURCE
17G8vOG65UPme0Z,Tramp of the Century - Breakfast in America,2025-05-03 19:30:00,"1, avenue du Casino, Montreal, Quebec, Canada",https://s1.ticketm.net/dam/a/a61/cf8e810e-b0e1-41b9-ad6d-603631d84a61_SOURCE
1Ad7Zb3GkR0TSik,Bullet for My Valentine & Trivium: The Poisoned Ascendancy Tour 2025,2025-05-03 18:30:00,"1950 Rue Claude-Gagne, Laval, Quebec, Canada",https://s1.ticketm.net/dam/a/aa5/fd7c3442-ee9b-4831-8db2-c1897eb4baa5_SOURCE
1Ad7Zb9GkR0r0q1,Virtual Riot,2025-05-03 22:00:00,"59 Rue Sainte-Catherine Est, Montreal, Quebec, Canada",https://s1.ticketm.net/dam/a/6bf/d029e880-324b-4138-9150-7331553f06bf_SOURCE
1Ad7ZbfGkT0gdXc,Maribou State - Hallucinating Love Tour,2025-05-03 20:00:00,"2490 Rue Notre-Dame Ouest , Montreal, Quebec, Canada",https://s1.ticketm.net/dam/a/c46/33b7281e-039d-44b9-b3fc-fb777e5cdc46_SOURCE
1Ad7ZbxGklbtVlL,Restless Road,2025-05-03 20:00:00,"305, rue Ste-Catherine Ouest, Montreal, Quebec, Canada",https://s1.ticketm.net/dam/a/06f/7f883399-bba0-4a30-bfae-ce04cef2f06f_SOURCE
1kG8v-jgGA1P8sM,Mario Pelchat - Aznavour Désormais ,2025-05-03 20:30:00,"972 Rue Saint-Jean , Quebec, Quebec, Canada",https://s1.ticketm.net/dam/a/0c9/a680f2a4-745b-404c-9bdc-cc68d359d0c9_SOURCE
LvZ18_Vbjx7VRB8ZcK3TF,SUUNS,2025-05-03 20:30:00,"87 rue Sainte-Catherine Est, Montreal, Quebec, Canada",https://s1.ticketm.net/dam/c/fbc/b293c0ad-c904-4215-bc59-8d7f2414dfbc_106141_TABLET_LANDSCAPE_LARGE_16_9.jpg
1Ad7ZboGkU4ud_F,Génération Crooners Viva Vegas,2025-05-04 16:00:00,"1, avenue du Casino, Montreal, Quebec, Canada",https://s1.ticketm.net/dam/a/125/9d932cfb-fd4f-421c-805c-d55e10c88125_SOURCE
1kG8v-jgGA1JYS7,Mario Pelchat - Aznavour Désormais ,2025-05-04 20:30:00,"972 Rue Saint-Jean , Quebec, Quebec, Canada",https://s1.ticketm.net/dam/a/0c9/a680f2a4-745b-404c-9bdc-cc68d359d0c9_SOURCE
LvZ18_SfeNngrcOZclf2g,THE BIRTHDAY MASSACRE,2025-05-04 20:00:00,"87 rue Sainte-Catherine Est, Montreal, Quebec, Canada",https://s1.ticketm.net/dam/a/d72/a4217b0b-3209-444a-8722-001ae2749d72_SOURCE
1Ad7Zb4GkXrc3pm,Bachman-Turner Overdrive: Back In Overdrive 2025,2025-05-05 18:45:00,"1950 Rue Claude-Gagne, Laval, Quebec, Canada",https://s1.ticketm.net/dam/a/e60/06eb41bf-21ab-42c6-9d26-efed26e2de60_SOURCE
1Ad7ZboGkUOFSt-,Génération Crooner / Viva Vegas,2025-05-05 14:00:00,"1, avenue du Casino, Montreal, Quebec, Canada",https://s1.ticketm.net/dam/a/125/9d932cfb-fd4f-421c-805c-d55e10c88125_SOURCE
1AsZkk8GkduU3Xu,HOLLYWOOD & N9NE RETURNS,2025-05-05 18:25:00,"1004 Sainte-Catherine Street East, Montreal, Quebec, Canada",https://s1.ticketm.net/dam/e/58a/1e75566f-49f7-4761-b171-2301844fe58a_SOURCE
1Ad7ZbbGkM5QVFC,CHAOS & CARNAGE 2025 w/ DYING FETUS / CRADLE OF FILTH + SPECIAL GUEST,2025-05-06 16:30:00,"1004 Sainte-Catherine Street East, Montreal, Quebec, Canada",https://s1.ticketm.net/dam/e/51e/a10f7638-770d-4872-b6e9-fadfe40df51e_SOURCE
1AsZk7SGkdKo7RY,Saint Motel - The Symphony in the Sky Tour,2025-05-06 20:00:00,"2490 Rue Notre-Dame Ouest , Montreal, Quebec, Canada",https://s1.ticketm.net/dam/a/332/98448dc0-ff80-4816-bef2-2cde336f6332_SOURCE
1AsZkA4GkdcbKOI,Leprous - Melodies of Atonement 2025,2025-05-06 19:30:00,"972 Rue Saint-Jean , Quebec, Quebec, Canada",https://s1.ticketm.net/dam/a/be0/1d975e4e-7e39-4f19-ab2c-59c1728d8be0_SOURCE
1Ad7Zb9GkRXZ4k_,Les Concerts Jazz Cabaret Chic,2025-05-07 19:00:00,"463 Sainte-Catherine Ouest, Montreal, Quebec, Canada",https://s1.ticketm.net/dam/a/3f3/d23b2c5e-0aeb-45ad-8d4f-7bfb428f83f3_SOURCE
1AsZkA3GkderKIb,Leprous: 10 Years of The Congregation,2025-05-07 19:30:00,"2490 Rue Notre-Dame Ouest , Montreal, Quebec, Canada",https://s1.ticketm.net/dam/a/be0/1d975e4e-7e39-4f19-ab2c-59c1728d8be0_SOURCE
1AsZkAUGkdCIVo7,"Elles, Luce Dufault, Lulu Hughes, Kim Richardson",2025-05-07 20:00:00,"6000 Boulevard Rome, Brossard, Quebec, Canada",https://s1.ticketm.net/dam/c/0d2/1201f713-3288-4790-854a-ae42895450d2_105931_TABLET_LANDSCAPE_LARGE_16_9.jpg
1AsZkFEGkeiw-xH,Bush - Loaded: The Greatest Hits Tour,2025-05-07 19:00:00,"1950 Rue Claude-Gagne, Laval, Quebec, Canada",https://s1.ticketm.net/dam/a/781/2ab9ac6f-6eff-4881-8e02-22dd053a8781_SOURCE
1Ad7Zb4GkY6gp3n,Génération Crooner - Viva Vegas,2025-05-08 20:30:00,"972 Rue Saint-Jean , Quebec, Quebec, Canada",https://s1.ticketm.net/dam/a/125/9d932cfb-fd4f-421c-805c-d55e10c88125_SOURCE
1Ad7ZbbGkMhz0Ie,"Arch Enemy ""north American Blood Dynasty 2025 Tour""",2025-05-08 18:30:00,"1004 Sainte-Catherine Street East, Montreal, Quebec, Canada",https://s1.ticketm.net/dam/c/e7c/86478562-7218-4e8f-b9d4-8080fe168e7c_105581_TABLET_LANDSCAPE_LARGE_16_9.jpg
1Ad7ZbfGkmbcxZt,Marie Chantal Toupin,2025-05-08 19:30:00,"1, avenue du Casino, Montreal, Quebec, Canada",https://s1.ticketm.net/dam/a/895/96783921-a8e3-4b43-a9fd-11acaa7ed895_SOURCE
rZ7HnEZ1AfZf0d,Michigan Rattlers with Special Guests,2025-05-08 20:00:00,"4483 St Laurent Blvd, Montreal, Quebec, Canada",https://s1.ticketm.net/dam/c/779/d4bc7e11-1b50-4aa4-a2be-0a21569f5779_106531_TABLET_LANDSCAPE_LARGE_16_9.jpg
16sZkkeJ8ZA5e8uG,"Bloomafest Tremblant - Charlotte Cardin, Jay Scott",2025-05-09,"1000 chemin des Voyageurs, Mont-Tremblant, Quebec, Canada",https://s1.ticketm.net/dam/a/cda/657bef6e-f249-4db7-840a-712b88a55cda_SOURCE
17G8vOG61a12ZB0,"Souviens-toi, Joe",2025-05-09 20:30:00,"972 Rue Saint-Jean , Quebec, Quebec, Canada",https://s1.ticketm.net/dam/a/790/e7d19aca-bcd9-4ed2-b299-759ba1b83790_SOURCE
17G8vOG6G39WsMk,School - Supertramp Memories,2025-05-09 20:00:00,"9200 Boulevard Leduc, Brossard, Quebec, Canada",https://s1.ticketm.net/dam/c/ab4/6367448e-7474-4650-bd2d-02a8f7166ab4_106161_TABLET_LANDSCAPE_LARGE_16_9.jpg
1Ad7Zb9GknqXxd5,Evan Honer,2025-05-09 20:00:00,"305, rue Ste-Catherine Ouest, Montreal, Quebec, Canada",https://s1.ticketm.net/dam/a/9e3/0f753e62-05cf-4095-b833-0eb3639f29e3_SOURCE
1Ad7ZbxGkTU10qG,Back to the 80's avec NEON,2025-05-09 20:30:00,"463 Sainte-Catherine Ouest, Montreal, Quebec, Canada",https://s1.ticketm.net/dam/a/275/c3b1bcae-2ed5-42db-b023-c4291a6c2275_SOURCE
1AsZk74GkeXY3hV,Flashback to The 80s - édition POP,2025-05-09 19:30:00,"1, avenue du Casino, Montreal, Quebec, Canada",https://s1.ticketm.net/dam/e/882/9da7f47a-f05b-4b16-b373-987de25cd882_SOURCE
1kG8v-OtGA1lxew,BLOOMAFEST Tremblant - Passeports 9-10 mai 2025,2025-05-09,"1000 chemin des Voyageurs, Mont-Tremblant, Quebec, Canada",https://s1.ticketm.net/dam/a/cda/657bef6e-f249-4db7-840a-712b88a55cda_SOURCE
16sZkkeJ8ZAGe8C6,"Bloomafest Tremblant - Patrick Watson, TALK, Elisapie",2025-05-10,"1000 chemin des Voyageurs, Mont-Tremblant, Quebec, Canada",https://s1.ticketm.net/dam/a/cda/657bef6e-f249-4db7-840a-712b88a55cda_SOURCE
17G8vOG61a188BI,"Souviens-toi, Joe",2025-05-10 20:30:00,"972 Rue Saint-Jean , Quebec, Quebec, Canada",https://s1.ticketm.net/dam/a/790/e7d19aca-bcd9-4ed2-b299-759ba1b83790_SOURCE
1Ad7Zb9GkRX-A6a,Brunch Gospel avec Sandra Étienne & The Colours Choir,2025-05-10 12:30:00,"463 Sainte-Catherine Ouest, Montreal, Quebec, Canada",https://s1.ticketm.net/dam/a/235/91473f27-9159-46ae-ac4a-0b9999e82235_SOURCE
1Ad7ZbAGkSCwVmA,Nils Frahm,2025-05-10 20:00:00,"59 Rue Sainte-Catherine Est, Montreal, Quebec, Canada",https://s1.ticketm.net/dam/a/ea6/2f6bac82-8afc-42a1-afc0-4b68b34a7ea6_SOURCE
1Ad7ZbbGkgzxs7p,The Planet Smashers,2025-05-10 19:00:00,"2490 Rue Notre-Dame Ouest , Montreal, Quebec, Canada",https://s1.ticketm.net/dam/c/fbc/b293c0ad-c904-4215-bc59-8d7f2414dfbc_106141_TABLET_LANDSCAPE_LARGE_16_9.jpg
1AsZk74GkeXYwhB,Flashback to The 80s - édition POP,2025-05-10 19:30:00,"1, avenue du Casino, Montreal, Quebec, Canada",https://s1.ticketm.net/dam/e/0d3/7da9cdfd-f026-4e2b-8143-5cace06b40d3_SOURCE
1AsZkkaGkdfqxgr,School - Supertramp Memories,2025-05-10 20:00:00,"9200 Boulevard Leduc, Brossard, Quebec, Canada",https://s1.ticketm.net/dam/c/ab4/6367448e-7474-4650-bd2d-02a8f7166ab4_106161_TABLET_LANDSCAPE_LARGE_16_9.jpg
1kG8v-OIGA58--i,Dena Mwana,2025-05-10 20:00:00,"1004 Sainte-Catherine Street East, Montreal, Quebec, Canada",https://s1.ticketm.net/dam/e/358/0b535a9d-842c-4951-b37a-09049b386358_SOURCE
LvZ18_g-rzEVBg8ZcgPoM,MEREBA,2025-05-10 20:00:00,"5240 Avenue du Parc, Montreal, Quebec, Canada",https://s1.ticketm.net/dam/a/786/ac70122d-7fe9-4080-8479-9777b00c4786_SOURCE
17G8vOG65RLyVuc,Sol En Chanson,2025-05-11 20:00:00,"6000 Boulevard Rome, Brossard, Quebec, Canada",https://s1.ticketm.net/dam/c/060/c5c08e7a-9912-456c-a060-2758be94e060_105881_TABLET_LANDSCAPE_LARGE_16_9.jpg
1Ad7ZbAGkSCSfm5,Nils Frahm,2025-05-11 20:00:00,"59 Rue Sainte-Catherine Est, Montreal, Quebec, Canada",https://s1.ticketm.net/dam/a/ea6/2f6bac82-8afc-42a1-afc0-4b68b34a7ea6_SOURCE
LvZ18_R6CyOuSJ8Z-TVKY,"THE WRECKS ""OUTSIDE TOUR""",2025-05-11 19:00:00,"179 Jean-Talon Ouest, Montreal, Quebec, Canada",https://s1.ticketm.net/dam/a/4bc/57855a92-12ef-454c-a51d-fdcc2ef414bc_SOURCE
1Ad7ZbxGkUiLvJV,Enslaved,2025-05-12 20:00:00,"2490 Rue Notre-Dame Ouest , Montreal, Quebec, Canada",https://s1.ticketm.net/dam/a/23e/b342f28a-77a2-4fbb-aee5-f488c479f23e_SOURCE
1Ad7ZbpGkXWbNJT,Devin Townsend's PowerNerd Tour!,2025-05-13 19:30:00,"59 Rue Sainte-Catherine Est, Montreal, Quebec, Canada",https://s1.ticketm.net/dam/a/596/0bd64b03-293c-4869-aaed-b82140566596_SOURCE
1Ad7ZbpGkXaJvRm,"Alex Warren - ""Cheaper than Therapy"" Tour",2025-05-13 20:00:00,"2490 Rue Notre-Dame Ouest , Montreal, Quebec, Canada",https://s1.ticketm.net/dam/a/1a4/c61fb0df-a6dd-43ac-892e-ea75f61d81a4_SOURCE
11G8v-jzP9A-vC,Mario Pelchat - Aznavour Désormais ,2025-05-14 19:30:00,"1, avenue du Casino, Montreal, Quebec, Canada",https://s1.ticketm.net/dam/a/0c9/a680f2a4-745b-404c-9bdc-cc68d359d0c9_SOURCE
1Ad7ZbxGkTt9VF8,Les Concerts Jazz Cabaret Chic,2025-05-14 19:00:00,"463 Sainte-Catherine Ouest, Montreal, Quebec, Canada",https://s1.ticketm.net/dam/a/3f3/d23b2c5e-0aeb-45ad-8d4f-7bfb428f83f3_SOURCE
15d7Zb9CapobM,Mario Pelchat - Aznavour Désormais ,2025-05-15 19:30:00,"1, avenue du Casino, Montreal, Quebec, Canada",https://s1.ticketm.net/dam/a/0c9/a680f2a4-745b-404c-9bdc-cc68d359d0c9_SOURCE
16d7Zb_18G7loPF,SDM,2025-05-15 20:00:00,"59 Rue Sainte-Catherine Est, Montreal, Quebec, Canada",https://s1.ticketm.net/dam/c/80b/f3cd8d24-c3ae-4fa0-b4bc-1ba99f9b380b_106091_TABLET_LANDSCAPE_LARGE_16_9.jpg
1Ad7ZbbGkwY2xVW,Cory Marks,2025-05-15 20:00:00,"305, rue Ste-Catherine Ouest, Montreal, Quebec, Canada",https://s1.ticketm.net/dam/a/461/e79278d8-24f4-4096-bc29-c3bc4c57a461_SOURCE
1Ad7ZbfGkX69-36,Marie Chantal Toupin,2025-05-15 20:00:00,"1 Blvd du Casino, GATINEAU, Quebec, Canada",https://s1.ticketm.net/dam/a/895/96783921-a8e3-4b43-a9fd-11acaa7ed895_SOURCE
15d7Zb9O6fg00,A Century of Sinatra avec Matt Dusk,2025-05-16 20:30:00,"972 Rue Saint-Jean , Quebec, Quebec, Canada",https://s1.ticketm.net/dam/a/3fd/1ccfa974-1324-41ff-9b21-c7695cb223fd_SOURCE
1Ad7Zb9GkRWKAA9,Hommage à Buena Vista Social Club,2025-05-16 20:30:00,"463 Sainte-Catherine Ouest, Montreal, Quebec, Canada",https://s1.ticketm.net/dam/a/0b9/ee207864-cd75-45f3-bb31-fc127cc8a0b9_SOURCE
1AsZkv9GkdjY7HI,Salebarbes,2025-05-16 20:00:00,"6000 Boulevard Rome, Brossard, Quebec, Canada",https://s1.ticketm.net/dam/a/84f/fd2a1ee6-b0f2-4ec5-a10b-e9acb20d584f_SOURCE
LvZ18_SWj7BymZZZc6gf4,PSYCHOSTICK,2025-05-16 19:30:00,"5240 Avenue du Parc, Montreal, Quebec, Canada",https://s1.ticketm.net/dam/c/80b/f3cd8d24-c3ae-4fa0-b4bc-1ba99f9b380b_106091_TABLET_LANDSCAPE_LARGE_16_9.jpg
16sZkk7jvZACv8Ce,Rock Story,2025-05-17 20:30:00,"972 Rue Saint-Jean , Quebec, Quebec, Canada",https://s1.ticketm.net/dam/a/836/ac2c7c2c-82b5-4549-8d1e-ec0b5a17b836_TABLET_LANDSCAPE_LARGE_16_9.jpg
17G8vOG6G9N200U,Dean Lewis,2025-05-17 20:00:00,"1950 Rue Claude-Gagne, Laval, Quebec, Canada",https://s1.ticketm.net/dam/a/c58/6359a970-9812-49d8-b588-283d67c06c58_SOURCE
1Ad7ZbbGkwJpxO_,ElGrandeToto,2025-05-17 21:00:00,"1004 Sainte-Catherine Street East, Montreal, Quebec, Canada",https://s1.ticketm.net/dam/e/ceb/11253a3a-63a6-466a-ac1f-c71a4b51fceb_SOURCE
1Ad7ZbkGkXPVx9M,Salebarbes,2025-05-17 20:00:00,"6000 Boulevard Rome, Brossard, Quebec, Canada",https://s1.ticketm.net/dam/a/84f/fd2a1ee6-b0f2-4ec5-a10b-e9acb20d584f_SOURCE
1AsZkAyGkdKT6Sq,A Century of Sinatra avec Matt Dusk,2025-05-17 19:30:00,"1, avenue du Casino, Montreal, Quebec, Canada",https://s1.ticketm.net/dam/a/3fd/1ccfa974-1324-41ff-9b21-c7695cb223fd_SOURCE
1AsZkAyGkduD9se,La Grande Veillée Du 2 Pierrots,2025-05-17 20:00:00,"9200 Boulevard Leduc, Brossard, Quebec, Canada",https://s1.ticketm.net/dam/c/060/c5c08e7a-9912-456c-a060-2758be94e060_105881_TABLET_LANDSCAPE_LARGE_16_9.jpg
1AsZkkkGkeBkKxg,Laurence St-Martin,2025-05-17 20:00:00,"305, rue Ste-Catherine Ouest, Montreal, Quebec, Canada",https://s1.ticketm.net/dam/c/677/c58dd0af-cda8-49b2-bdaf-068540c3a677_106541_TABLET_LANDSCAPE_LARGE_16_9.jpg
LvZ18_MgEpzO9D8ZczVjP,PSYCHE,2025-05-17 20:30:00,"179 Jean-Talon Ouest, Montreal, Quebec, Canada",https://s1.ticketm.net/dam/c/060/c5c08e7a-9912-456c-a060-2758be94e060_105881_TABLET_LANDSCAPE_LARGE_16_9.jpg
1Ad7Zb9GktyLs78,A Century of Sinatra avec Matt Dusk,2025-05-18 20:00:00,"1 Blvd du Casino, GATINEAU, Quebec, Canada",https://s1.ticketm.net/dam/a/3fd/1ccfa974-1324-41ff-9b21-c7695cb223fd_SOURCE
1AsZkkaGkdY1S9E,Roga Roga & Extra Musica,2025-05-18 19:00:00,"1004 Sainte-Catherine Street East, Montreal, Quebec, Canada",https://s1.ticketm.net/dam/e/e7f/02744116-cd51-46a3-8b82-cb394f9f2e7f_SOURCE
1ad7Zb9_oqOZd5vA,The Great Legends,2025-05-18 20:30:00,"972 Rue Saint-Jean , Quebec, Quebec, Canada",https://s1.ticketm.net/dam/e/10f/bcf9d7b4-af87-401f-a413-d74c3979610f_TABLET_LANDSCAPE_LARGE_16_9.jpg
1Ad7ZbFGkmFYsMD,Shakira - Las Mujeres Ya No Lloran - World Tour,2025-05-20 20:00:00,"1909 avenue des Canadiens-de-Montréal, Montreal, Quebec, Canada",https://s1.ticketm.net/dam/a/948/b2af9578-af9a-4d19-ba25-a8d2ef7f7948_SOURCE
1Ad7ZbpGkTh0VPU,The Kiffness: Vote4Pets Tour,2025-05-20 20:00:00,"305, rue Ste-Catherine Ouest, Montreal, Quebec, Canada",https://s1.ticketm.net/dam/a/f38/0dd0dcbc-4ff6-41c1-93c7-0dd707d36f38_SOURCE
1AsZkFYGkeTKxz3,Rainbow Kitten Surprise: Thanks For Coming Tour,2025-05-20 20:00:00,"59 Rue Sainte-Catherine Est, Montreal, Quebec, Canada",https://s1.ticketm.net/dam/a/f24/4405a289-7e72-46fa-90fa-ba1873459f24_SOURCE
1ad7Zbb_JfZZd87k,Dylan Gossett - The Back 40 Tour,2025-05-20 20:00:00,"972 Rue Saint-Jean , Quebec, Quebec, Canada",https://s1.ticketm.net/dam/a/d6a/ce237073-a005-4fa4-8224-08396581dd6a_SOURCE
1Ad7Zb9GkRXZPk-,Les Concerts Jazz Cabaret Chic,2025-05-21 19:00:00,"463 Sainte-Catherine Ouest, Montreal, Quebec, Canada",https://s1.ticketm.net/dam/a/3f3/d23b2c5e-0aeb-45ad-8d4f-7bfb428f83f3_SOURCE
1Ad7ZbfGkXaE-fk,MARIE-CHANTAL TOUPIN,2025-05-22 20:30:00,"972 Rue Saint-Jean , Quebec, Quebec, Canada",https://s1.ticketm.net/dam/a/895/96783921-a8e3-4b43-a9fd-11acaa7ed895_SOURCE
1AsZkA9GkeYkx8d,Peter Hook & The Light - North American Tour 2025,2025-05-22 20:00:00,"59 Rue Sainte-Catherine Est, Montreal, Quebec, Canada",https://s1.ticketm.net/dam/a/5be/c2f646c5-677f-4a5f-a8fa-f6dcb23995be_SOURCE
16sZkkkr9ZA5e7uA,The Musical Box - Selling England by the Pound - 50th Anniversary Tour,2025-05-23 20:00:00,"972 Rue Saint-Jean , Quebec, Quebec, Canada",https://s1.ticketm.net/dam/a/046/7004d900-1773-435c-8f80-4e797403f046_SOURCE
1Ad7Zb9GkSE97E9,Dylan Gossett - The Back 40 Tour 2025,2025-05-23 20:00:00,"59 Rue Sainte-Catherine Est, Montreal, Quebec, Canada",https://s1.ticketm.net/dam/a/d6a/ce237073-a005-4fa4-8224-08396581dd6a_SOURCE
1Ad7ZbxGkl95Vti,UK Pink Floyd Experience - The Authentic Tribute to the Floyd,2025-05-23 20:00:00,"1 Blvd du Casino, GATINEAU, Quebec, Canada",https://s1.ticketm.net/dam/c/fbc/b293c0ad-c904-4215-bc59-8d7f2414dfbc_106141_TABLET_LANDSCAPE_LARGE_16_9.jpg
1AsZkFIGkdxzd1X,Livingston - The Story Continues Tour,2025-05-23 20:00:00,"2490 Rue Notre-Dame Ouest , Montreal, Quebec, Canada",https://s1.ticketm.net/dam/a/4d3/cfa051db-e10c-4ab7-9811-1baa3e6ff4d3_TABLET_LANDSCAPE_LARGE_16_9.jpg
1AsZkkAGkd9r0kW,Flamenco Extravaganza,2025-05-23 20:30:00,"463 Sainte-Catherine Ouest, Montreal, Quebec, Canada",https://s1.ticketm.net/dam/a/4a7/2e8465cc-1aeb-4011-9e8d-02fda0bfd4a7_SOURCE
15d7Zbo3fPo7U,"30 ans d'Amour, présentée par la Victoire de l'Amour",2025-05-24 13:00:00,"250 boulevard Wilfrid-Hamel, Quebec, Quebec, Canada",https://s1.ticketm.net/dam/e/7b8/5f5a957d-a9b7-4250-aed2-c0db4262a7b8_SOURCE
1Ad7Zb4GkS5Hf78,Dave Fenley,2025-05-24 20:00:00,"6000 Boulevard Rome, Brossard, Quebec, Canada",https://s1.ticketm.net/dam/a/5db/ef9c932f-0995-4a4a-976f-b85ee96875db_SOURCE
1Ad7Zb9GkRH8Avr,"Les meilleurs hits Soul, Motown, Disco avec Freddie James Project",2025-05-24 20:30:00,"463 Sainte-Catherine Ouest, Montreal, Quebec, Canada",https://s1.ticketm.net/dam/a/b16/0417b9a1-85ba-4952-b1a6-3e927458fb16_SOURCE
1AsZk7MGkeYSd0C,Teddy Swims - I've Tried Everything But Therapy Tour,2025-05-24 20:00:00,"1950 Rue Claude-Gagne, Laval, Quebec, Canada",https://s1.ticketm.net/dam/a/87e/6779f1f2-1911-41b8-aea5-6e8de4c6987e_SOURCE
1AsZkFtGkdrNdJb,grentperez - Backflips in a Restaurant Tour,2025-05-24 20:00:00,"2490 Rue Notre-Dame Ouest , Montreal, Quebec, Canada",https://s1.ticketm.net/dam/a/a16/f5754974-4771-4d5a-a1f0-3b3898d95a16_SOURCE
1kG8v-CdGACyZMP,Eric Lapointe - Je marche dans ma vie - Supplémentaire,2025-05-24 20:30:00,"972 Rue Saint-Jean , Quebec, Quebec, Canada",https://s1.ticketm.net/dam/a/9a9/631db771-2a8e-44b2-afef-dedb6fd859a9_SOURCE
1Ad7ZboGkBjLvtQ,Génération Crooner / Viva Vegas,2025-05-25 20:00:00,"1 Blvd du Casino, GATINEAU, Quebec, Canada",https://s1.ticketm.net/dam/e/7a4/ab30a9db-8c3e-413a-9300-a8b59d91e7a4_SOURCE
1Ad7ZbpGkc8u8x2,Olivia Newton-John and Friends,2025-05-25 20:30:00,"972 Rue Saint-Jean , Quebec, Quebec, Canada",https://s1.ticketm.net/dam/e/4b3/bfab38d2-af3e-4c93-ae9b-044caa7814b3_TABLET_LANDSCAPE_LARGE_16_9.jpg
1Ad7ZbxGkBN6vQh,UK Pink Floyd Experience - The Authentic Tribute to the Floyd,2025-05-25 19:00:00,"1, avenue du Casino, Montreal, Quebec, Canada",https://s1.ticketm.net/dam/c/fbc/b293c0ad-c904-4215-bc59-8d7f2414dfbc_106141_TABLET_LANDSCAPE_LARGE_16_9.jpg
1kG8v-0yGAu3ee2,Deborah Lukalu,2025-05-25 19:00:00,"1004 Sainte-Catherine Street East, Montreal, Quebec, Canada",https://s1.ticketm.net/dam/e/a70/ad26bab4-eacd-4eb9-89e8-cce541b8ea70_SOURCE
1kG8v-jyGAGOsXq,The Musical Box - Selling England by the pound 50th Anniversary tour,2025-05-25 20:00:00,"6000 Boulevard Rome, Brossard, Quebec, Canada",https://s1.ticketm.net/dam/a/046/7004d900-1773-435c-8f80-4e797403f046_SOURCE
1Ad7ZboGkBqssi3,Génération Crooner / Viva Vegas,2025-05-26 14:00:00,"1 Blvd du Casino, GATINEAU, Quebec, Canada",https://s1.ticketm.net/dam/e/8d2/ab349a22-2802-455d-b2dc-d9a6c12de8d2_SOURCE
LvZ18_wndjRCpJOZ-CqHh,THE WEDDING PRESENT,2025-05-26 20:00:00,"179 Jean-Talon Ouest, Montreal, Quebec, Canada",https://s1.ticketm.net/dam/c/fbc/b293c0ad-c904-4215-bc59-8d7f2414dfbc_106141_TABLET_LANDSCAPE_LARGE_16_9.jpg
16sZkAyqaZA8ev1a,Pierce The Veil - I Can't Hear You World Tour,2025-05-27 19:00:00,"1950 Rue Claude-Gagne, Laval, Quebec, Canada",https://s1.ticketm.net/dam/a/152/f08da163-513d-44ff-b62f-50c268517152_TABLET_LANDSCAPE_LARGE_16_9.jpg
1AsZkA3GkdhIfcz,James Bay - Up All Night Tour,2025-05-28 20:00:00,"59 Rue Sainte-Catherine Est, Montreal, Quebec, Canada",https://s1.ticketm.net/dam/a/f61/7f6985b6-240b-403e-8b53-59f925327f61_SOURCE
17G8vOG61r-Bsxq,Emile Proulx Cloutier,2025-05-29 20:00:00,"9200 Boulevard Leduc, Brossard, Quebec, Canada",https://s1.ticketm.net/dam/a/4ac/0b7cd1ca-fe17-478c-8ecd-7dc5087fe4ac_SOURCE
1AsZkAdGkeJZpko,"Révolution Les Étoiles, l'ultime tournée ",2025-05-29 20:00:00,"1 Blvd du Casino, GATINEAU, Quebec, Canada",https://s1.ticketm.net/dam/a/4cd/ef09ea87-4781-42e3-a533-a048a8d494cd_SOURCE
LvZ18_sA79AWF6ZZOZPGv,MIKE,2025-05-29 20:00:00,"5240 Avenue du Parc, Montreal, Quebec, Canada",https://s1.ticketm.net/dam/a/4cb/6196c3fc-91f4-4a21-8d35-2809277b14cb_SOURCE
1Ad7Zb9Gkwhxw8Z,"SOUL SISTERS, L'hommage à Amy Winehouse, Adele, Joss Stone, Patti Labe",2025-05-30 20:30:00,"463 Sainte-Catherine Ouest, Montreal, Quebec, Canada",https://s1.ticketm.net/dam/a/ca3/d90617b5-1dca-46cb-8e52-02cb7bd39ca3_SOURCE
1Ad7ZbAGklr1fje,Galaxie,2025-05-30 20:00:00,"9200 Boulevard Leduc, Brossard, Quebec, Canada",https://s1.ticketm.net/dam/a/cf2/6541603c-d92e-43ef-a075-3b469a02acf2_SOURCE
1AsZkAdGkeJZUkK,"Révolution Les Étoiles, l'ultime tournée ",2025-05-30 20:00:00,"1 Blvd du Casino, GATINEAU, Quebec, Canada",https://s1.ticketm.net/dam/a/4cd/ef09ea87-4781-42e3-a533-a048a8d494cd_SOURCE
1AsZkkkGkdduNDH,MANILOW: The Last Montreal Concert,2025-05-30 19:00:00,"1909 avenue des Canadiens-de-Montréal, Montreal, Quebec, Canada",https://s1.ticketm.net/dam/a/5c8/d35cea78-c294-44e3-a1a4-51333dda35c8_SOURCE
1AsZkAdGkeJvJkQ,"Révolution Les Étoiles, l'ultime tournée ",2025-05-31 20:00:00,"1 Blvd du Casino, GATINEAU, Quebec, Canada",https://s1.ticketm.net/dam/a/4cd/ef09ea87-4781-42e3-a533-a048a8d494cd_SOURCE
1AsZkAdGkeJvkkp,"Révolution Les Étoiles, l'ultime tournée ",2025-05-31 15:00:00,"1 Blvd du Casino, GATINEAU, Quebec, Canada",https://s1.ticketm.net/dam/a/4cd/ef09ea87-4781-42e3-a533-a048a8d494cd_SOURCE
LvZ18_UAeWct78Y12m7zY,"ANNIE DIRUSSO ""Back In Town Tour""",2025-05-31 19:30:00,"179 Jean-Talon Ouest, Montreal, Quebec, Canada",https://s1.ticketm.net/dam/a/68d/11713193-47b0-4d75-8a65-ccbd2b00568d_SOURCE
1AsZkAdGkeJekkr,"Révolution Les Étoiles, l'ultime tournée ",2025-06-01 15:00:00,"1 Blvd du Casino, GATINEAU, Quebec, Canada",https://s1.ticketm.net/dam/a/4cd/ef09ea87-4781-42e3-a533-a048a8d494cd_SOURCE
16d7Zb_CfG7Hssr,"ZÉNITH, le spectacle",2025-06-06 20:00:00,"1 Blvd du Casino, GATINEAU, Quebec, Canada",https://s1.ticketm.net/dam/a/6e7/4672c9ef-ff9c-4c1d-8ebb-311185baa6e7_SOURCE
1kG8v-OIGACxvlG,Dave Fenley - Trio,2025-06-06 19:30:00,"1, avenue du Casino, Montreal, Quebec, Canada",https://s1.ticketm.net/dam/a/5db/ef9c932f-0995-4a4a-976f-b85ee96875db_SOURCE
16d7Zb_CfG7WssY,"ZÉNITH, le spectacle",2025-06-07 15:00:00,"1 Blvd du Casino, GATINEAU, Quebec, Canada",https://s1.ticketm.net/dam/a/6e7/4672c9ef-ff9c-4c1d-8ebb-311185baa6e7_SOURCE
16d7Zb_CfG7Xvsg,"ZÉNITH, le spectacle",2025-06-07 20:00:00,"1 Blvd du Casino, GATINEAU, Quebec, Canada",https://s1.ticketm.net/dam/a/6e7/4672c9ef-ff9c-4c1d-8ebb-311185baa6e7_SOURCE
1AsZkAbGkd69K8h,Dave Fenley - Trio,2025-06-07 19:30:00,"1, avenue du Casino, Montreal, Quebec, Canada",https://s1.ticketm.net/dam/e/4da/20713c8e-7b19-4f82-8707-f7f97cecc4da_SOURCE
1AsZkAyGkd3E9wD,Hommage CCR,2025-06-07 20:00:00,"9200 Boulevard Leduc, Brossard, Quebec, Canada",https://s1.ticketm.net/dam/c/ab4/6367448e-7474-4650-bd2d-02a8f7166ab4_106161_TABLET_LANDSCAPE_LARGE_16_9.jpg
1Ad7ZbbGkmL636N,Static-X - Machines VS Monsters Tour 2025 With Gwar & Dope,2025-06-10 18:30:00,"59 Rue Sainte-Catherine Est, Montreal, Quebec, Canada",https://s1.ticketm.net/dam/a/ea7/0c96aa54-8ec3-4470-adf3-45df0dedfea7_SOURCE
1AsZk7yGkeRWSW9,James Blunt: Back To Bedlam 20th Anniversary Tour,2025-06-13 19:30:00,"1950 Rue Claude-Gagne, Laval, Quebec, Canada",https://s1.ticketm.net/dam/a/90c/f85c9384-3deb-46a8-aeb7-4c3884f3b90c_SOURCE
1AsZk7MGkduE0LB,SRV Tribute,2025-06-14 20:00:00,"9200 Boulevard Leduc, Brossard, Quebec, Canada",https://s1.ticketm.net/dam/a/73b/0767ab3f-f118-4a95-867f-f325fe57f73b_SOURCE
1AsZkAIGkdrQfAT,Fredz,2025-06-14 20:00:00,"59 Rue Sainte-Catherine Est, Montreal, Quebec, Canada",https://s1.ticketm.net/dam/a/315/08a15451-5893-474e-8073-e988b7cd4315_SOURCE
1kG8v-r9GA5Pxz6,Daniel Bélanger - platine officiels,2025-06-14 19:30:00,"1655 boul. Base-de-Roc, Joliette, Quebec, Canada",https://s1.ticketm.net/dam/a/90a/c29896fa-fc6c-4569-83f0-57f4ac24b90a_SOURCE
1Ad7ZbKGkBPMxGe,HAUSER - The Rebel Is Back,2025-06-18 20:00:00,"1950 Rue Claude-Gagne, Laval, Quebec, Canada",https://s1.ticketm.net/dam/a/e1c/cfc88d38-f24c-46e5-8d87-6f82e496fe1c_SOURCE
1Ad7Zb9GkMNuP5e,La Grande Veillée du 2 Pierrots - Spécial fête nationale,2025-06-19 20:30:00,"1, avenue du Casino, Montreal, Quebec, Canada",https://s1.ticketm.net/dam/e/380/f2e67708-c530-4ea5-9f2f-3820ca029380_SOURCE
1Ad7Zb9GkMNCg5A,La Grande Veillée du 2 Pierrots - Spécial fête nationale,2025-06-20 20:30:00,"1, avenue du Casino, Montreal, Quebec, Canada",https://s1.ticketm.net/dam/e/d0d/dd667bea-1ef1-4952-9dd8-691717e44d0d_SOURCE
16d7ZbbJpG7l-3F,Yoa,2025-06-21 20:00:00,"305, rue Ste-Catherine Ouest, Montreal, Quebec, Canada",https://s1.ticketm.net/dam/a/05b/6066102a-f01b-407f-a713-361571b0d05b_SOURCE
1Ad7Zb9GkMN24GR,La Grande Veillée du 2 Pierrots - Spécial fête nationale,2025-06-21 20:30:00,"1, avenue du Casino, Montreal, Quebec, Canada",https://s1.ticketm.net/dam/e/284/c861b7ac-6f61-4cae-8adf-c6aeeed01284_SOURCE
1kG8v--_GA50weH,ZZ Top,2025-06-25 19:30:00,"1950 Rue Claude-Gagne, Laval, Quebec, Canada",https://s1.ticketm.net/dam/a/60b/945abba9-7ebf-4862-a8a5-a622c8b0560b_SOURCE
16d7ZbbQ8G7cvzX,ZZ Top - Sièges platine officiels,2025-06-26 19:00:00,"120 Rue Dalhousie, Quebec, Quebec, Canada",https://s1.ticketm.net/dam/a/60b/945abba9-7ebf-4862-a8a5-a622c8b0560b_SOURCE
1Ad7ZbbGkMJOfMJ,ZZ Top,2025-06-26 19:15:00,"120 Rue Dalhousie, Quebec, Quebec, Canada",https://s1.ticketm.net/dam/a/60b/945abba9-7ebf-4862-a8a5-a622c8b0560b_SOURCE
1Ad7ZbbGkn-KvY-,Queen Flash,2025-06-27 20:00:00,"9200 Boulevard Leduc, Brossard, Quebec, Canada",https://s1.ticketm.net/dam/a/89f/93dd2c14-75f9-440d-bcae-61f7f761289f_SOURCE